ID;m1(Msun);m2(Msun);porb(days);e;a(AU);p1(s);p2(s);pdot1(s/s);pdot2(s/s);b1(T);b2(T);x(kpc);y(kpc);z(kpc);vx(km/s);vy(km/s);vz(km/s);l1(mJy kpc²);l2(mJy kpc²)
1001;2.1395189606061757;2.021544287791973;2797.301384545725;0.21857226219608883;6.24933965579331;1.5051458272697202;5.423777013311177;1.8673069861192588e-13;4.72466352104341e-13;1696473690.344279;5122551504.347288;8.555435097479137;-10.520204707591176;-3.712379707579374;-101.81308412901184;39.43874477592567;-12.905672331764688;1021.7664437294131;2136.687453500801
1002;1.2128225518016473;2.144418165138638;680.7951711711135;0.34218333219588226;2.267836053156904;1.2367253137470462;5.9515589929392485;6.0787279423258e-13;9.039303141771916e-14;2774552562.662231;2347106657.2483716;-10.308369155081364;6.257702303890635;-2.355139313138972;156.64000749854173;-211.54894083098608;-1.0785487442647854;1843.6324354334713;1232.4313656234526
1003;1.8112776581540684;1.385884529146308;4366.660373703308;0.1987550188474161;7.702428631332651;3.078514183629192;8.852175397048525;5.337081148384046e-13;7.171882804794277e-13;4101780922.334564;8062905609.237779;-8.186639746522374;4.334128877834612;0.9041989325671276;-272.82744684889826;-193.73367034484878;9.589320929176358;1143.6065034234118;3762.0047119238343
1004;1.8258334833898537;1.2740571332992365;4594.920353186713;0.19768378184851;7.886917512845939;5.958573243094657;9.176611074155726;5.447525314125814e-14;2.4125265596179473e-13;1823143057.0226474;4761318050.113152;9.01711097121035;4.158974052894962;-4.046629287122567;195.1713962121616;-6.911225981866579;-4.439883376578266;1048.8967581205598;1376.1535019086527
1005;1.7883485520295936;1.8848638430575875;628.386737400436;0.9416050248531875;2.2153373562255703;8.00800226776147;1.5311218421498305;9.076709760330418e-15;3.2762100251268046e-13;862732773.4635308;2266421710.63474;3.8437533027693007;-11.864867936217776;-3.451010644156548;198.79884830206578;-204.37004518716523;-21.91677742509784;1203.1651902568399;1419.9079815987773
1006;1.6701232810430062;1.3805809489450607;3421.000837336052;0.5606379943522025;6.444293898900741;0.7702956590858289;9.724807105452918;6.564479140740549e-13;5.269049946011133e-13;2275510479.2425027;7243636256.635911;4.211870024433601;1.8932380097580364;3.587658057940729;-64.10199014636198;-20.71893026113804;31.18309191784681;3157.719689390482;1032.4139549432368
1007;1.3844595055401738;1.1919492832563665;4542.825926881643;0.41700840474535295;7.359170044798768;0.7482424339439611;1.8680769944586444;4.692259829987353e-13;4.200559898373375e-13;1896104075.6953473;2834659869.091311;-2.1156116622628733;2.0267706470808555;-0.9070680002307725;-107.7960155088426;159.135772958755;13.076778390877625;1027.6548910484767;7626.1231091704285
1008;1.3197219909532074;1.9134927056487272;3882.888481505499;0.8186676346083704;7.149153853068368;8.730339427924571;4.5998771837569805;2.2894000876367146e-13;7.94610367323804e-13;4524039523.238287;6117869515.604781;-13.436414056301178;11.66600359732746;3.045384740045151;182.45725834278602;-123.14828491797411;0.8038053727125458;1004.3325562414113;4072.565007353319
1009;1.4035036305014563;1.7831640320589237;4698.872877270498;0.41449920024160225;8.079439599352199;3.4224912952153836;2.3882064840814796;4.104428423280736e-13;5.358013043715795e-13;3792691319.33054;3619826858.928793;10.16182544453659;4.735536147087274;2.317270577525904;137.61867078611223;32.918691016596355;-8.349157201724324;1172.9539952300279;1397.736730845664
1010;1.8840073408733087;1.406773509507036;3428.839657944981;0.3669952960476863;6.619181482339304;5.7438205103495585;1.4626167021962158;6.820858791273226e-13;4.5385136941312467e-13;6333881554.819097;2607186313.74035;-1.6394984449000471;-6.587031096377547;4.165242571286621;156.49337574155868;-105.58416872309002;-5.990723834357148;1622.4185880790167;1136.4783158258417
1011;1.4391174515844753;1.287567536874298;3832.1873754511607;0.3293240957673348;6.695494586013779;6.70601929456649;2.625247019591284;1.7779621998766609e-13;6.706213640114406e-14;3494166851.911906;1342683826.8322008;11.610720619522176;8.532225113982609;4.593826714720029;-222.03039181458934;388.4532682773215;-15.836863051519654;1021.2847368561313;1020.116302214274
1012;1.306558833012757;1.3803942452762596;1058.451472526293;0.25136901817682433;2.8257940872135308;9.45571449100557;0.23735862204561317;3.3338566790574206e-13;7.685213699832493e-13;5681599496.353588;1366722859.8118744;-10.89317750055337;-13.649211908190393;-2.3129230251030073;117.16695758056125;178.15402696081546;-15.402383370788737;1108.8377623722524;1459.2750564235155
1013;2.1060982805313464;1.441969338580475;1164.3673421384572;0.2640973268617459;3.303673782967626;5.108386287639641;0.07522056152304667;6.173142866496592e-13;6.486867794556678e-13;5682572791.592916;706863875.2582397;-12.993175191437562;-9.308151511136725;2.5474083948972037;-43.91772381980755;288.2758917487786;-3.791627165586432;1242.2127806217136;1272.5234744510417
1014;1.2892387410268984;1.3363419753770547;1535.7867980313858;0.3544830249195743;3.5939243254668334;2.0648453936136444;7.426153249885979;6.370212996304267e-13;9.098666872848415e-13;3670039384.09914;8318036357.040738;4.5447079325472615;-0.6698584481265826;2.324884498708216;-111.87925217893716;-325.2571807693893;11.243578087388874;1925.3671771218474;3408.3695352682867
1015;1.463781548677824;2.2041847404077086;287.41449818581947;0.605725048669999;1.3144802842980225;3.5488554343693894;0.32288746185726314;7.039233935997438e-13;4.3881760657544713e-13;5057743862.053853;1204529916.9483314;-8.65298220929916;6.965315125799393;3.491895024884762;-72.2004885346574;-164.74749263145634;13.371997278003318;2999.0803608428073;1213.68607244617
1016;1.2383290879556113;1.459944337799259;2687.7149730769383;0.653157158646221;5.266927126627279;8.257486568551181;1.9222705312445822;1.0652117518796071e-13;4.999959479598695e-13;3001178944.251765;3137187491.9122634;9.074004515036144;-7.139454460082483;4.012091412447953;-189.8330103977999;153.91599913820477;-10.051399522151234;1646.142056526286;1304.7083732088531
1017;1.4321535237651997;1.6804857620694187;1508.7980331752503;0.6051676451541835;3.7589814968312267;5.91461879531915;7.3511182384106935;3.708169725914199e-13;8.621902630275209e-13;4739070394.676217;8056162901.246625;2.6207268435023394;7.259176903172843;-2.8121535005356635;-208.94919090943287;271.376046072877;18.5504502418372;2527.940179926905;1713.954124454904
1018;1.6999653508787191;1.7610863548715578;2642.0430605985493;0.7986629955824108;5.657646482329249;2.6564560877872365;2.073293739555249;3.2376575098777675e-13;4.4668605889123796e-13;2967677826.574121;3079509836.4390893;-6.291195119254899;2.4626126252814764;-3.525845710665878;-289.1309108438946;-190.56262405115737;-23.894627183860244;1007.613134713886;1285.5332339775011
1019;1.0828089603515845;1.150033726169879;3072.91840078818;0.21812832940885685;5.4066291013275185;5.426157040338113;3.22194138317571;8.96023746399209e-13;6.215391771055531e-13;7055956868.682107;4528381944.011472;-9.775183176323335;8.80042127193554;-4.842550869455373;-126.48775566596518;-381.99359384164137;-14.975971958674812;1000.8969403762109;1259.1372205961052
1020;1.824166359940392;1.8474684680300704;2.7184228130981736;0.4026394270051039;0.05880817218169699;0.11226323159180267;3.7500345152465715;9.223598483883556e-14;9.307135001895053e-13;325625901.31176054;5978271268.105011;-0.6810750318885734;-12.178120451086393;-2.752511362714458;308.98446747075917;122.7535028454707;-12.327008347101204;1064.5264149300808;3113.7195385591785
1021;1.7557403862204737;1.8898836996924935;2925.9051578405547;0.29102376732862933;6.161748597455601;2.6619755301052015;1.7071551206828786;2.962493889938584e-14;1.3674598670639924e-13;898629640.7829617;1546122020.1303332;-3.673852251212404;-4.212718144511866;-2.079677763732235;-157.47711042362562;138.76825513546615;-29.539596585229486;1161.153991634601;1151.895045431076
1022;1.8338381257744907;1.4522728323553888;1560.8940503590593;0.582932536728325;3.915160240251475;8.13868298887673;6.154873750294699;8.285539123340352e-13;2.454529929866799e-13;8309739908.589559;3933179065.168715;-10.204088731063596;-1.1422645995171514;2.120509728921954;57.5991238606224;-208.4723912817139;18.46226122414972;2821.34025962364;1217.2982849525793
1023;1.3292048555575908;1.2667389013433976;3390.251111774399;0.43668334848549073;6.070058192641888;3.603496166709636;1.6366535286276371;2.47702312077671e-14;1.8139379620476375e-13;956042151.8041815;1743570726.2649302;13.347128881426713;-5.610005433113788;1.7852856957783967;-245.31347649920076;-205.90039043641096;-3.0385745802762583;1042.1222852498727;1431.497424704077
1024;1.474187432249938;1.3850430346084672;2724.9692608519445;0.6577783632199368;5.419143394608654;0.5693247091486867;8.725378318431044;2.748901272022751e-13;1.9967020756880394e-13;1265929632.7936065;4223755265.585883;-4.8292174661615235;-11.559219177711203;2.8379120067775307;-155.6494134610203;-6.742473747254962;-11.807754195772477;1276.2752790327947;7238.1402579649975
1025;1.3995307414537133;2.1106904857731377;804.8111466600075;0.6900183216512569;2.5734397298027596;4.38377549963282;1.5674346510178465;5.676467865024996e-13;5.023211544253738e-13;5047928823.703559;2839457901.408071;-2.856590979047681;10.044926709780682;-3.2611864041844294;-257.68773709081347;42.447394541640904;11.942891579614162;1098.5972959787948;1421.4648600147975
1026;1.204300657426446;1.2626523187307563;1146.677474877189;0.29228081604110645;2.8970389102911485;9.032661563440927;5.918782849881397;1.7555980557569306e-13;9.276574594809255e-13;4029678452.8030696;7498251486.328007;-4.52330065220098;8.766529583964761;-3.972127025827621;262.1546789179974;208.50863684739818;25.591888936722825;1112.633232207094;9388.46820364386
1027;1.3096756663915001;1.3595877404227765;4125.452870972809;0.5577482978117505;6.983150702191991;7.4215800568117345;4.100021697676826;2.932818144086159e-13;4.863529161142841e-13;4721073195.785803;4518755236.797064;-8.453570107900473;14.8059311579504;-0.8639814889849315;165.78773689112947;-158.27636136618693;-14.565045519169361;3099.510176432926;1824.451573869513
1028;1.3712289188032123;1.886836120314083;2597.088858008997;0.707147379245452;5.481729984166089;1.8268597457696447;4.944161558699865;9.430357979815925e-13;7.724084754590735e-13;4200168088.8602324;6253451996.286698;-0.6781912826899337;-8.165516466679154;3.9093551406320017;-296.20328701237753;-73.64482736523814;-2.4110596237870086;4457.207883258679;2722.5119320983054
1029;2.234782446595463;2.2571784525402965;3309.2755235079803;0.1326124331674391;7.170902056766191;6.044651901115164;8.154076253370116;5.2456665632819926e-14;3.2741637233265747e-13;1801921914.0990367;5228625766.107923;10.160500153002616;-5.544149647089073;-1.6407954097187116;233.5070202732677;242.47729356310137;47.025250734356774;1018.5231680164449;2460.615926008274
1030;1.7093123063999707;1.2965981498365247;562.2073405942434;0.7065779102055534;1.9239607348589527;9.01723083091696;7.018715807093929;1.4203147380250702e-13;1.6212459206046615e-13;3621419774.8415213;3413526316.7313824;-1.8965334851901812;-10.422945901108761;-4.4379454739089566;67.81898905602048;-290.43906552258215;23.22842042527159;1460.3244310253633;3409.9683990033486
1031;1.713866143799962;1.455798751757509;2506.1168420104127;0.828623167553552;5.30410171358291;0.3804326450370475;2.597971670644144;7.271348845142784e-14;1.6192653019395717e-13;532226331.3219503;2075516492.5523357;9.68648924077409;-10.523283342139571;3.525689515072834;-162.25266227689735;112.68017838900883;1.928634024516399;1039.960478343309;2000.1465070331112
1032;1.3523016780450114;1.3141650857139542;4705.85040854103;0.7007359319432985;7.6209770457891794;0.6086145676141669;3.9274393466528976;3.846009038246931e-14;3.632037943463502e-13;489582967.32232237;3821905197.3014073;-10.585107942696771;-7.348150370559761;3.748562821563999;188.8800720896517;-181.9240528022789;14.112317983984855;2344.715762449745;1293.776423961562
1033;1.4109226849663914;1.371247128083728;1209.1790031161456;0.724951542348629;3.1241230164998255;6.083738013705729;3.8946806486526615;9.60200641863109e-13;2.8228366068812e-13;7734214740.478655;3355280053.542422;-4.178874272755124;5.008172217670214;3.285241833443326;-330.4397971023536;-277.80273295991486;15.667936401324699;3697.2529271336703;1513.3193362377206
1034;1.577238014269518;1.2534325276538656;2907.2090094579016;0.35563198316934663;5.639238500470823;2.9116190574820395;8.76699350037225;3.9131861667024277e-13;4.2702390682870545e-13;3415721943.672901;6191578954.714966;-5.27743533654894;7.834097311236697;2.6714015835019946;322.2249640919635;147.25569870151793;8.108980470046784;3011.3861050300234;1201.7718482671576
1035;1.798466690779691;1.664508173485038;2460.8400980711704;0.23628178138977718;5.3969106312225765;4.015029532320672;9.14340523202767;4.702817107140302e-13;7.146175161267704e-13;4397171404.432364;8179764322.223827;2.51742284854274;4.542744107485891;-3.180934976881764;89.52752292389916;-205.2532022078889;-16.643631465250735;2155.316925018863;1073.2277594401503
1036;2.0231112537927283;1.323883491282154;2011.5905252956243;0.4362951645188209;4.664995702811574;1.308889217123352;2.043078465624202;8.701416008057287e-13;6.543495995481774e-13;3415044675.6565757;3699963347.9894667;1.6641480096401722;-1.6754005682908417;-0.345624577871285;-120.49182487914845;-156.78124368419907;16.65625784111146;1359.1613500100113;1224.8408008368801
1037;1.4846864372461472;1.284699470580856;19.89039438353602;0.011713823158953973;0.20175761672636117;1.9489167755735852;9.355214103867278;7.746814878468431e-13;9.438228754034028e-13;3931952061.417333;9508720753.7813;7.0906608883267594;11.846985165666315;-0.028791466377450448;236.11696660638728;147.8070080638605;-30.623942575480186;1386.639384041648;1711.292237527039
1038;1.6865615668261607;1.2579967800104503;1155.7532506388839;0.6736385400980679;3.0892755990309215;1.8313231555070184;8.56499133718981;8.922000744099298e-13;9.766030827320028e-13;4090379463.26093;9254916136.90573;1.7929368777685042;-14.271065253312674;-0.21963161028678613;-74.18189091029546;120.0055802023425;4.107764542053688;2356.3320665741703;3151.391642878135
1039;1.521683155364397;1.9346153479183497;329.9452733531948;0.05393353336748252;1.4128786813024294;6.030790006408115;7.9639700636624955;1.1149491847351804e-13;7.959165345575617e-13;2624004761.1573977;8056539694.74227;-4.3659595754976;-8.944701252576388;-3.777471536118381;-26.211561489800204;274.1214051363178;-4.530285351209708;1331.3918465335205;8480.773313327834
1040;1.306105433105606;1.2429206852938355;1917.6266883493952;0.2590108135711353;4.126425313309835;2.506026606468832;6.111696064174044;4.4468151772897013e-13;5.086376176158128e-13;3378059981.6903057;5642026099.097369;-13.371206711230904;3.085707467076041;-1.2172696595263321;159.07489698967785;-333.4868205780496;-8.433914825854771;1073.6179434867383;2153.504905905331
1041;1.8534225546350689;1.247025611845331;2839.9867943159975;0.17232393026399195;5.723023849399197;6.122018061779922;1.6217222910751987;8.788153988260024e-13;6.919018915738946e-13;7422430002.669683;3389693888.9842834;10.340585921240056;2.6026076455433937;1.489817810448809;-231.59753968256587;127.49768685444032;-23.49936563258424;2848.751181741235;1902.9224803297798
1042;1.7864718861706796;1.2600089670401045;2634.4016768911447;0.23820178401525893;5.411620467670197;0.4363423513368652;7.760289250277075;2.6089074067208213e-13;1.2048883689737513e-13;1079674874.8040662;3094299441.1840014;1.3612639714892083;8.578835044647334;-0.7831947781606905;-265.27045121756277;-186.49637724081265;21.55041239478122;1266.80350554459;1284.1750583668115
1043;1.4561452079462929;1.2969040134736538;3486.879069080629;0.3259574767306155;6.307187850543273;1.845403876874328;1.1481684120730855;3.6770153621419244e-13;9.04681787571337e-13;2635987914.6790724;3261374711.225982;4.144423947669019;8.119674633356365;-3.411277626411965;190.10103145654276;72.82924792814076;-4.308105784245052;3821.739699624037;1465.6754498960456
1044;1.3159835818676933;1.32339876553702;1360.533563242025;0.13951886121393198;3.3208311396691714;5.111306118589301;7.614688871655595;5.782440769354605e-13;7.58881270283342e-14;5501378434.721355;2432556728.6425314;-13.427114663476624;4.377686625642557;0.7250753156398106;-38.138566745901755;166.17590304742657;-12.279357705599114;2904.6626058010156;1521.9414849668503
1045;1.3948835541055493;1.363867113015198;2212.877902021147;0.19333881703933542;4.66103433292171;3.6246701585997543;8.117356796963135;7.631361487675991e-13;6.950815582413429e-13;5322127045.830398;7601077825.876874;-11.678794583543342;-12.699168694678827;0.24686729427925247;-68.72852530275331;-341.5080278620745;-18.263905185436915;3548.9293855004116;1033.7039594023645
1046;1.1869389294332948;1.4638837998216383;2204.806159014688;0.5964100958775627;4.58824944894897;3.7317447891929922;5.476554442173468;7.869192260659669e-13;7.699374071807232e-13;5483666367.22253;6570998878.824207;-4.561136093973305;1.7431061309771536;-4.548113159677831;-287.66392622816846;-127.3427137424999;-18.225992693045555;1757.4870533439116;2011.7279344885176
1047;1.6560209532506383;1.7346982673143685;3949.8619608124286;0.8292613667466521;7.346690400225562;4.49967590906001;6.514993009131293;2.0410660320067982e-13;4.692359395675745e-13;3066684677.089286;5595032188.198638;13.187859202369982;-5.897568544930914;-3.214988617514157;48.15551126636015;8.905507411850152;-10.132111547359425;2645.4357768745203;2974.204436161996
1048;1.3370900511536967;1.6850988933770896;753.1417357660506;0.9439349384300378;2.342240742265419;9.87943120338294;9.612162490708666;8.517515619994125e-13;4.439092787597339e-13;9282659458.456226;6610094094.199852;8.635149284202665;3.4969876421156627;-4.316706944358049;-220.35091579483756;378.05055848397626;8.178257931389927;1513.8573583560906;1173.8096524177502
1049;1.7976819395289192;2.0124040021358724;4935.344548759213;0.2762650632173851;8.86059920509575;2.9541327918709652;0.5463794724647019;5.543668789294931e-13;2.147834037780294e-13;4095091618.9889126;1096219506.6628885;-6.195112022788399;1.2707044177573934;1.6538338686844503;-336.1609607062793;141.807091869075;32.10141388615092;1520.505802010414;1353.3526500211958
1050;1.2732694501709527;1.39136194454249;3315.027667885168;0.29734159302011864;6.032217636385004;4.16722546388074;9.50832620100998;6.617400454589088e-13;8.56184241944924e-14;5313946600.348659;2887258242.3521857;-2.857027439744062;14.137081390742523;-2.287512930309925;283.883621175058;298.8668641201217;-29.696863003577555;1966.6095497298622;1869.4321418716186
1051;2.0280120224215508;1.2807169433335348;3042.262690149662;0.7084968130402131;6.122912534910342;1.1308654176196762;8.90500037898186;3.544292787149367e-13;9.4131096140338e-13;2025910407.2825685;9264745789.966267;6.700105341179469;-5.917175215454174;-0.8650478602251219;-155.75836886948588;-181.2432132632921;2.7931895252284886;1527.7433951159212;7144.908362053256
1052;1.3811798021719006;1.9333454431411121;2447.2632608574777;0.41956519909587753;5.2990833947506575;3.8916248872676396;5.883942982253028;1.927866761077083e-13;6.898847097849186e-13;2771749463.6322165;6447219642.468761;0.7975768381860568;-5.6909655961141095;-0.2394700565090755;-327.1280983882295;-180.63315456133986;7.010873861334773;1358.5583701517614;1201.071675503509
1053;1.2701346436640237;1.989387077303753;1991.1409566071804;0.1091856294675515;4.592605559164983;3.673268812861603;0.7369129924702332;2.7447302110484443e-13;2.2663237152927202e-13;3213114229.0896564;1307732920.869257;-11.564233588256773;7.020855797115718;-1.3104631380389553;-167.53284673892804;293.46188546979016;-2.200181461090977;1079.2241959020535;1365.9117490176795
1054;1.1964487318195485;1.1349713550007219;1052.8589027988467;0.8812114526114142;2.6857163564592774;2.7243711124058403;7.264141167839349;3.279631720009252e-13;2.423958912657615e-13;3024792940.2421646;4246242013.831217;-7.888241371613364;-5.232461485179824;-0.5435633030898881;47.56219184030829;-180.00533187302358;10.650081348988955;2196.2459941239495;1281.3444379900222
1055;1.3806906987736265;1.5573924371156092;4364.754049720956;0.7614083066271183;7.486308643620327;9.89685072109471;7.759495697611647;4.0553196293267883e-13;5.204898163283506e-13;6410782357.069915;6430916119.979583;-12.10333570992286;-14.319924383022256;4.415638337698626;-222.55456684241804;-164.22647875394463;0.6866996169027244;5340.479696103844;1131.7525012565948
1056;2.1824228335253917;2.1855885883741983;2154.3795054592206;0.540050311055239;5.336410680397958;9.737895128864603;7.516454592630823;3.484835917031789e-13;1.277129418663417e-13;5894862670.341763;3135262816.913391;-10.300902225666597;12.395633241958826;2.0679760724941287;356.1246131557742;-142.50030752420577;-0.06050022251979115;8624.252725556125;3875.767945169045
1057;1.4220725706952524;2.3451989749452826;2301.200780809158;0.6539908862661374;5.307848280795886;8.92126272414116;1.6182362107181851;7.049511217501271e-13;5.876935398104962e-13;8024955741.165411;3120659568.316817;-9.107877570251972;3.7438973399146;4.564165950692576;225.9535081307082;89.28963041555774;-8.296938883802353;1972.1583158019225;4950.301093527028
1058;1.440216522101109;1.38478187306878;1768.7914236531617;0.34331746280967;4.046352072234479;2.9616460600544783;5.860316839288923;1.782923765831834e-13;3.1091167177711343e-13;2325321157.5969944;4319455853.903838;-13.485001511638515;-8.726371177133487;0.13235542047837257;-216.0565844242373;287.0526811069284;-10.38357739913844;1493.4132736476085;6758.5246273059865
1059;2.3108443192490595;1.9314775000903264;2214.994471356056;0.6704131410979571;5.383393818926773;2.8929666505666396;6.4309700686996445;7.58394597146148e-13;8.547509369271834e-13;4739901395.782467;7502534742.451656;2.9374788965820002;9.546065940331989;-4.191394580209865;219.81823701842768;-247.4116890261536;-1.9709332252334344;1781.14432369074;2353.293513690097
1060;1.9103824938232314;1.3285459745994732;2765.1711907372314;0.976876029639965;5.704553421127662;3.296984853211411;3.5061720815789608;9.244430767996799e-13;7.004796107157461e-13;5586612406.091415;5014923832.045918;-13.459090839031324;5.709982372096523;-4.233945264679591;219.0218120453166;-177.1870900282056;8.491986392201426;1302.1247473786082;1578.082458992875
1061;1.8059950613563025;2.2526740556523173;579.0020694947887;0.5116549127912707;2.1686417274457157;7.947123778861782;9.053101850869282;3.9847765416973476e-13;5.607421211539093e-13;5694517776.40258;7209917106.122591;-7.289867163302751;14.786118628256048;3.9954224328471835;253.0906465296179;242.9086350544852;-12.26436726042806;1057.636350739716;1632.4035877399936
1062;1.9441058987894648;1.834670877203668;315.22668052249753;0.9918145029261443;1.411905321989357;5.826566893534608;7.567729319432645;9.291957453251695e-13;6.610711338107589e-13;7445775765.721557;7157426059.141616;13.159741871403522;3.9926024648529683;1.943583956895396;141.76865701400595;-260.0911233020759;2.326992660736949;1134.2028415703296;1525.4925757125054
1063;1.425148529670147;1.7806060585441492;4804.055883815113;0.15769727066899508;8.215903096303064;2.6199539680902393;7.991802245959136;4.779897651946073e-13;4.3846889119486763e-13;3581014731.0459485;5990205697.220072;8.417711494349717;-9.3260647438956;2.0955910847222903;184.5061962893037;-107.08439740461799;-26.232382069551846;1916.6219256068555;1396.1028042829125
1064;1.8450074750627756;1.34444054532407;504.7796250510091;0.8095851157809316;1.8263313368624836;9.156052904325696;3.424931106379234;4.898412072320709e-13;8.636369677382602e-13;6776911019.28516;5503532180.514643;-2.7228365447430676;6.4625132664754155;-1.083927558122868;-218.10550610511427;-172.96770805807031;19.15736149207995;2376.0993166448025;1544.3203680702009
1065;1.3791084363406114;1.291177276311818;1094.6715760180157;0.15635822522533926;2.883909683197807;6.094191372308061;4.452179579677218;2.6135881991030547e-13;1.274370383784445e-13;4038560586.821716;2410372423.261945;-14.783712893668454;12.926250615023605;-4.374475249086858;67.34886779397355;309.6828168288299;-18.866712514862577;1151.0697646860067;1524.2832492637385
1066;1.744241370109915;1.3156703747453327;330.9450947130085;0.055047636537973066;1.3593984884300239;1.374525192816692;1.2435624499470332;4.455827031292144e-13;9.687143231531512e-13;2504323865.9504356;3512219411.094776;-4.535601978142465;0.22019126507791853;-3.4416838299430963;175.64592377323987;-229.09417794093068;-28.35878015226054;1091.9633299048885;1223.2942468676642
1067;1.2607347588268947;1.260631258379371;2660.948539275969;0.5194001809035277;5.114966563954483;4.536624521096918;0.739383244202444;7.392957854834493e-13;6.138429646173748e-13;5860376409.496451;2155824592.753947;9.42295425719654;5.441011057264646;1.3478953588439246;-155.58941333413512;198.7691345111374;7.528835881015196;3330.229824378272;1017.8535109536602
1068;1.3726925987298528;2.4591849013280456;4927.6260421298575;0.38930557142765276;8.868201458121911;1.510736148448665;6.740779495404691;1.3452757398302882e-13;6.584837100668129e-13;1442613340.5551403;6741826261.968945;12.385445086852137;-8.016626917113475;-3.947991869068498;-22.258811094532632;-195.67723401096006;-20.625907548033886;3921.855431071209;1091.720256383827
1069;1.1584360968936576;1.8566576125978536;2671.5900520283317;0.19212878933655408;5.443605784557201;3.2159251411883405;3.694562460618197;7.994565512414273e-13;1.0270473404106275e-13;5130980647.559716;1971181960.7379415;4.678433150339853;12.976672457783689;4.586866910731699;-71.54551648816478;269.05667261735596;-28.34042141206768;2197.013331267492;1210.9478958107688
1070;1.2131470240661497;1.4040793976746127;1306.5286875690051;0.08812509649198474;3.2232914950793257;0.43811478702694406;4.547914501781443;3.844347792558325e-14;4.700686192767914e-13;415293629.7536544;4678824484.645573;-6.475902892029945;-1.5912462962298317;-0.4206579899830949;-231.19755259924935;-69.4126702646735;11.347830222629515;1950.3099147836292;1259.2419549548435
1071;1.2179985828481934;1.587900641168499;2977.7005439862937;0.2421406242196662;5.713267432349816;9.487095776325296;5.857216756529059;8.136043204856264e-13;9.587223555165936e-13;8890439765.93886;7583017418.603877;-8.511822157796182;14.112394031900727;-3.2542241521085313;138.71280615190204;6.922382802102504;-33.34902268439128;1188.337522371011;1221.1062358004933
1072;1.6213959697190388;1.6990274208567702;174.51927230749024;0.1663689204464307;0.9118007268751103;5.565992143138827;6.716115742425732;9.470254021884126e-13;7.680582734461222e-13;7346865461.327027;7267853259.157916;-7.418912009828866;13.594594432541648;-4.265603567707058;-121.31497920026658;92.64790744772856;7.365281724328991;2682.7563338515147;1952.954158948402
1073;1.2282185032880444;1.7853314073857303;1753.6879592811713;0.4111659940916904;4.110874261054913;5.804627027623006;9.321023202840362;2.2678696805719964e-13;1.5744559300368794e-13;3671522428.9668126;3876564615.9790382;14.911894459533961;12.395462615384776;4.850313018872649;249.68205692828647;-225.5714389513595;47.30709200354912;2242.1400880662977;3991.2825894913503
1074;1.72449547107418;1.4694627775611848;941.8776907181524;0.9023967137503708;2.7693590669164014;8.495389689381087;5.7762916565592075;3.3580777205911613e-13;9.80472165310149e-13;5404891778.3706;7615390354.066444;8.483827525075789;-9.215669076444073;-1.3146804909448075;249.6327332343576;-313.5868329498695;-13.152346181411112;1123.1186091904676;3673.2289408423167
1075;1.7366543819218911;1.247190497044311;1512.6152228390038;0.35159552434461083;3.712651990221876;0.18038016175705188;5.649369095767595;9.25470526008495e-13;1.3121109095045162e-13;1307451718.9524949;2755086422.2581673;7.115340407444904;-0.9104625842805039;1.8446547679872314;-43.54982724079642;-216.47731502921692;-20.644232023509158;1954.03269866478;1300.0736510681998
1076;1.7816437812429353;1.278474577561227;1887.6772606475695;0.5704667488743992;4.339813714191758;7.514853573488163;9.752372919619049;8.069992323710388e-13;9.738938972171905e-14;7880373475.128044;3118609161.9628234;8.940446334291007;12.988491095193925;-4.789789969252368;-149.7643962219126;-165.49606608620596;-5.349570733020418;1588.9062118002587;1371.1688434467312
1077;1.3730027596727084;1.5995057722420618;220.47120804188967;0.16168718895789957;1.0269488385085037;4.0010857316357;3.5046005932534583;1.280590304505535e-13;6.565269720449346e-13;2290572337.586916;4853952586.596565;5.410898180535142;-6.752362652114165;0.25089459224859834;359.04216561990904;-6.215293654374307;12.323599721459466;1306.3456825220637;3247.5873432177746
1078;1.4282157384993028;1.8512494946676172;1040.1695543357384;0.5012620700129464;2.9849950771063343;9.089518949872371;1.942940946249015;5.126476710302688e-13;5.33978629472587e-13;6907643605.259371;3259430438.3913484;-14.401911029200178;3.029803246818677;-4.936066063666051;-115.67284754711737;-255.76377958878112;-0.8781547400161345;1010.3905370010843;1910.8374362205143
1079;1.9832243966879781;1.294233801471914;2467.074988939544;0.9747374994813385;5.307709408190231;9.878258774035066;8.626398577615705;1.3611612304185603e-15;9.366222587579837e-13;371060703.0672032;9095927202.22089;0.26438198458492046;-14.287050344349028;-2.3510916139816374;-14.906052858904985;-164.94960545947845;-21.576323485815646;1750.1537678228062;1563.3454627930855
1080;1.3111361289301962;2.1214076417166465;1565.2759655574441;0.6779975951284002;3.9799030188658735;3.4720178481327757;4.881880282497739;9.152341808938338e-13;4.945735418264858e-13;5704361872.42307;4972318969.875021;8.562365969606788;-12.113508863568423;3.784151538506263;133.6725200663016;292.43944148512855;-14.77314948377489;1217.2852823033263;1304.1786438267438
1081;1.4338069301220802;1.363080680592607;4524.314214070237;0.23341915639849264;7.542813355670455;6.610468037994821;5.12675137937811;8.043039701846704e-13;3.4995857767892725e-13;7378637749.777269;4286269048.6492066;10.29694168308502;6.582424621771743;-1.5849567556823563;-276.1417101011827;-213.13767905641748;-22.647270326695242;1943.976265695804;2701.5942698677054
1082;1.3397786673604581;1.3182618096079248;2082.2625530495225;0.7051219627630996;4.4206287068964185;2.5802884653584024;9.534025212370084;3.7477783102722866e-13;2.9022430572170983e-13;3146813868.6915007;5322982235.876075;-2.494902476700892;13.271757253769461;0.35158555663933466;-148.27290858798096;352.5057081736172;7.304533530280184;5633.968138490868;2459.9151224204193
1083;1.5649064166194047;1.7972966964754868;2207.9546783485216;0.1709718241090633;4.971352998403383;9.25349412041093;6.022421927013223;1.0628322699406432e-13;1.4031569351412379e-14;3173476020.508085;930226465.3014829;13.97304579775026;10.088656018144892;-1.7481873672531991;-201.07114068374707;-128.70863620584186;12.428576948245404;2449.558680287164;1941.8644950210644
1084;1.8586275932761638;1.0841281299459937;258.74489683233656;0.756638688930356;1.1387781263798509;7.592532308957559;8.80914970518554;5.88141285436824e-13;1.0056804796889591e-13;6762139656.201119;3011944630.764443;-12.065821931090742;-14.870449416703416;2.622438340828271;181.4276292120086;-144.96223121700103;31.208327559349254;6507.381989297412;9080.590770935958
1085;2.173407058677602;1.4380307217511992;2109.9634503472425;0.76883559975037;4.93950221097231;4.232282353878422;9.05061537320878;9.183275222243334e-13;7.955342803645462e-13;6308645084.491855;8586545628.300541;-10.853556252193396;2.7491599360989056;-1.3958885066682147;139.6962101534712;372.1252375004383;19.093489233602355;1313.2308498312143;1848.0598289473437
1086;1.3288403950385634;1.2361620779381728;3466.4012621286447;0.32881512297880977;6.136042171538731;0.4953424284751246;3.440163267664108;2.192308564422181e-13;9.473635595224323e-13;1054516994.1855477;5776939818.137985;-0.6303134729172744;-12.400025909107276;-0.9288107328572712;-29.447837596407453;26.334280938624318;-6.417418688598433;2132.900750802633;3162.404933440447
1087;1.3505187666877962;1.491143021947017;4458.8635592859155;0.5887420777970281;7.509541728051583;5.1691463219489115;1.0362087633269383;4.5372165174887767e-13;1.29538593573186e-13;4900655154.060657;1172392948.0765905;-6.68215516540697;14.489045183214923;2.0761777664544754;208.68058498589392;-146.81076568381445;5.911141639330069;1861.546648434125;1770.237817989836
1088;1.9819824271445656;1.4190711304004056;4152.1865042273785;0.16553868839332164;7.603185311245808;0.26529956051873127;0.5544362533860286;1.8366320615167987e-13;1.0782630113219536e-13;706365247.6199113;782416755.1004841;1.3178275969440634;-9.883405987567775;-3.173652201458743;179.64869936387973;-123.36490937935108;11.88440184319493;3286.8827007828836;2424.8805768886623
1089;1.9513521461425727;1.4934106964786884;4765.958340886305;0.07265714771716547;8.370661646021725;5.939737033033625;3.939140214034503;4.43383986112699e-13;5.293817097668914e-13;5193062973.756133;4620991443.698544;-1.6146776234830078;9.220226838163814;4.468373545112838;114.93793189707665;-61.99106281424605;-10.303272731686562;3584.817520566376;1004.0009095627399
1090;1.8772611716920033;1.477399013788555;2113.2598960900045;0.7972700189400309;4.824562860349084;0.3677320296042995;0.39597511958560205;9.638529342353284e-13;4.194861093480957e-14;1905114553.102597;412422850.73591375;-12.964554576272866;2.517741732400278;-3.4265473021499093;140.87459092773824;-294.066124942689;2.5227087013764535;1769.1121549509287;1188.6704487826973
1091;1.716880895097959;1.3998590269519284;2316.206176588049;0.3233691061715587;5.004471056289192;9.9195332942386;2.203743109753138;5.005870554029283e-13;2.0431819685250303e-13;7130753201.338433;2147256794.5058415;7.800595767635244;3.8811707855141897;2.8755763220537194;-42.715178112210424;-164.66568017670718;40.918828366806295;3273.1250866901023;1585.377229905933
1092;1.3537172748901243;1.3281074266590638;21.02108604441232;0.7785005407982134;0.20710316967087086;6.482018023771414;4.0897357587421;2.5034472319649068e-14;2.610973147153435e-13;1289063514.3799918;3306730531.9468493;-9.76457115404884;-9.518139977816496;-3.0391636598957508;363.8947172064908;49.57967390198779;25.116897658996773;1824.933444532718;6880.450446302668
1093;1.372354544513006;1.968433482996053;2026.2597485524484;0.6377983711354308;4.684748009285137;9.258537541571917;0.9778718644826979;2.303582576617308e-13;7.420703689312991e-13;4673293603.455667;2725922465.680332;-14.650370352011011;-5.610940332329637;4.870056555838824;210.52320394714985;382.392504096498;2.836655300858065;3001.7345652986724;2295.596275852771
1094;1.344236502701214;1.582429560093135;1719.5909235265487;0.6930541156864561;4.018040749325582;5.551370473922539;6.783147921104999;1.0945531233918848e-14;5.310147576814859e-13;788802913.8339627;6073218660.014379;-10.616581612640331;-9.806785435866045;-2.5409233490586103;175.92460198100167;312.89302670766926;-31.344659089593737;1901.5892719046637;9055.253104306115
1095;1.8225940752751069;1.4564969523273803;3611.0091524059335;0.38582318023080053;6.843475771130244;9.598147342914656;4.630129288804674;5.024748155743848e-13;7.776754107923481e-13;7027499677.389177;6072195156.130513;-9.878553832323394;12.982478193002471;-2.2209195696053885;240.61799343178;-211.51398628320788;33.109576658207125;3106.775380622459;7683.30378805568
1096;1.3098474530657307;1.7788838629611252;3911.2089723305585;0.29387936832729966;7.075230195839879;9.440927892429197;8.586408835601612;4.6161362014251596e-14;2.9889469182476806e-13;2112499553.5088248;5126427987.737442;-4.359409970532688;14.091718757247229;-3.898156068538796;-5.351451855019462;272.8643196920347;-28.442846059287813;1102.0007599278008;2100.254253215491
1097;1.445015283327584;2.2696842654675407;2776.6378575545723;0.21301441745575533;5.9877074750344255;8.346654961540207;3.542528858502988;7.443180377140603e-13;1.1804970672561388e-13;7976006157.638503;2069374689.708997;-1.5356913826497323;7.345729826074546;-1.5431460659597072;-226.84942753566472;-13.57627872958227;0.0481313026615188;1235.2609905247932;1032.9619994081459
1098;1.4394789539464035;1.8461514262782228;1519.058292675717;0.8663080450936925;3.8446993007969015;4.369067280027586;3.4627495589755335;1.3341590906789757e-13;2.4653864011836414e-13;2443138876.3931036;2956671109.468316;-0.8358240796110188;9.339066751701477;3.38952970698735;-245.8274210047382;-35.34074838312148;21.690393944241723;1172.1176777758194;1547.9908606240501
1099;1.5498295197026009;1.8786439473845238;131.31893273222596;0.4642836662999087;0.7624154306725432;0.3860435276144422;7.821949865955461;7.330027802047742e-14;5.462221801980065e-13;538295720.3229089;6614425938.357809;12.310148454865853;-0.6868341767019785;-3.91990729579741;209.56079602356857;1.7905533261164237;-16.28971902528797;1364.5703202025;4244.10820099678
1100;2.0288948356614274;1.8244136143324252;3620.998817612152;0.4829043297870157;7.234969376451098;4.1732011454204665;6.21488015651187;6.379361970582833e-13;7.69594169016971e-13;5221235231.156758;6998375513.146601;-4.442748206786074;-1.9945856585792026;-1.195473869735908;-205.5067373326832;280.3478833191695;12.21789070877294;1391.2347677624095;2651.2541011387866
1101;1.466937509281455;1.9462778111279675;2268.44469314549;0.15273014721033895;5.087212461889422;6.529241780778849;5.716896421158243;4.1865205254198364e-13;9.595275097694284e-13;5290637016.862454;7494779417.6227865;-9.118986897003493;-7.054076528088592;-3.4251231570039953;-379.6815957506476;187.5391157622498;-19.013273787147906;1955.1585795044873;1068.2103706531784
1102;1.3549510720282423;1.2727248623465204;308.8191295540253;0.8283850572928283;1.2338619770880368;5.087088208420328;3.291950100736869;9.640456817550588e-13;4.4529371721726693e-13;7086526561.098554;3874359211.514722;5.704390528671745;-12.64552549623916;-2.774763058957066;-399.925158565688;-242.19955203594688;9.601972812676689;3882.276408878145;1048.5622450687804
1103;1.4329448193029715;2.2411736673346514;3052.979078072538;0.13311250261790486;6.355359492884316;7.755565120925751;7.240587497821909;7.626283500671187e-13;7.539922591764381e-13;7782393310.529822;7476878527.469435;8.111307268658841;14.927554236728351;4.718156621233318;-56.50837494370248;-220.7881238276654;5.39533729913527;2046.5370586672727;1753.5014707921025
1104;2.192409071500731;1.2594657181877242;4356.498111705912;0.18773536385772316;7.889507288483443;8.346142900281057;9.755759142923713;7.864311391055637e-13;1.0232270395108462e-13;8198289253.40085;3197175801.0936117;12.303001587422376;6.611262862293792;0.29120685354969567;285.3970696686807;-22.96412259441479;19.718752012854427;2463.0899729431867;1962.6910221196053
1105;1.6053421899967686;1.7526608486173454;1835.8217448955963;0.799989520519554;4.393937599278391;4.9280067907563465;8.502703096352892;5.515928075337287e-13;7.712389306209404e-13;5275880187.882189;8194509392.795038;-14.158575088055617;-10.735564986259947;-4.183528362119563;301.5478941123878;58.041898604342364;26.536334859956714;1126.2359837419763;1611.329393861668
1106;1.3991209050409097;1.5774635190546749;1946.9938883928783;0.9795231425673295;4.389573352234203;4.135328735154103;7.879569991365373;9.394815851433447e-13;4.194360058407289e-13;6307381992.456137;5817469186.57835;-7.752772862948035;14.223977604412386;-1.6750201136253775;-102.35663575937274;-145.76511476215865;2.9265451727232157;1750.032016652222;4510.837992645863
1107;2.1008436503784793;1.7213471996210148;4982.113103449367;0.006473359751479002;8.925920782826454;4.7248562605934685;6.737398764859449;4.2649357016407497e-13;1.8680054254029925e-13;4542558436.228213;3589923311.7939353;-4.5733259948172265;-12.211077780212122;3.397472299252806;-241.3071886583124;454.34054304415235;29.81827581241452;6914.277687135267;1939.4483814589219
1108;1.3762202475629406;1.3479870746718665;25.085553824370322;0.04550707707024093;0.23422632152093975;0.6220740403018082;7.967969742465117;3.1551671422318097e-13;9.390611968285442e-13;1417693025.2080483;8753278855.101437;6.603772404397603;4.619465280889518;4.618874308975997;242.5267875898897;-175.59275685353006;-23.314917240634962;1234.7482068035617;4420.429281350232
1109;1.3374030182728467;1.5634622250821246;3594.398346080178;0.49489719295349943;6.549374717290896;2.8382653572542154;8.60047076884174;3.2506707104987075e-13;3.695140309261e-13;3073710534.682831;5704617859.748862;-1.2750789626573855;9.807826007356631;-0.25933616464954934;121.57433918519382;-240.091330114054;6.413148058540267;1083.6446322368429;1337.048498968534
1110;1.8549454576613083;1.3719370075535569;4858.165348322583;0.24330564055367876;8.295624660430128;8.336624538206816;0.3793369759602413;7.466272693615104e-13;6.609061377585602e-14;7983567901.511956;506678480.8411311;-10.309312590653235;-13.08042252837885;-0.9696112790325113;-148.27386258192763;-236.2253454988434;-23.49982823076123;1388.7944142027636;1963.4038457064585
1111;1.5652405394792965;1.5354540264138192;590.6967540403891;0.07037089191167312;2.0091046981008187;3.3792533729436642;4.150877676028448;3.8165034283243596e-13;3.1014101959146883e-13;3634069131.5670567;3630776794.3986316;11.52338569429713;-4.680989067185697;-3.9281613550223504;264.97049876632093;-283.66683643479865;43.79143317728735;7948.26195722861;2088.0142698788436
1112;1.3312793517620294;1.913284573194139;1198.7688027682648;0.03120329086439566;3.2695068386023167;2.5773257954889455;9.213344840959367;8.308025796624924e-13;5.05157455624819e-13;4682562219.118344;6903542854.040061;13.340263083309132;-0.6712787961074067;3.6147493446111216;347.91586689357626;-221.56536184597158;-22.189824927273957;2468.9212908342674;2055.6457867327763
1113;1.9259109793104023;1.8896582351359388;1982.3879885164856;0.7594383624828573;4.825978699108438;1.9336173454680237;0.14702776115338442;4.666958009042404e-13;7.434310844243469e-13;3039850262.73003;1057961852.3590457;-4.402280951440147;-11.808761840620953;-2.6127089051842356;-190.399306956573;-28.359251155290963;-19.75305220262451;2778.301429079751;3521.2749311093608
1114;1.6954274354618657;1.5278115678258963;1369.2386191260164;0.8813650101859475;3.5647037804166537;5.887007255886572;1.9459801279532414;4.606989986323258e-13;7.90680991683458e-13;5269942758.772296;3969353959.1514945;-3.2581316936614435;-5.2608708820195;-3.926898292169753;266.5305794854248;-250.32407845257543;14.493529634767789;2319.7046671106573;1459.7666869180637
1115;1.7115388122106068;1.2876812073758168;2868.294217225339;0.9504442193121431;5.697597388269053;1.9850614750464535;2.99208656382412;4.718577191621864e-13;6.620349498995968e-13;3097009166.813099;4503783586.560966;11.445185307341127;13.410370331884465;0.5209349400954881;-83.08833860615357;80.7044991273666;-2.6799684626374085;1320.6226498419423;1018.1748078729574
1116;1.310496786183813;1.8033290766856587;4039.137849876767;0.7001813584806508;7.248203993029969;6.792255678017268;0.9789986193406565;2.822363580423946e-14;3.527822635011136e-13;1401081732.6577785;1880591155.113075;5.021977920681664;12.882754596184263;2.5123970556999247;-120.5989489124261;-345.3150513203532;3.0812151196256257;1198.5567796868645;1829.4128654555452
1117;1.3395117046891567;1.828196227945801;502.82167095863286;0.11243919049102746;1.8174573115856354;7.497879324640328;1.7681602003076138;1.8450582052180075e-13;6.265565734841694e-13;3763780060.0106773;3368146157.7420316;8.56310177027903;-10.643210675993501;-0.7647341911635097;-1.3295971831259408;131.34907436614986;-12.286683006767246;1266.3869195162033;2766.8168120410337
1118;1.5369241597880365;1.5120188769348473;4241.391416339719;0.5834874508203228;7.435814081574263;3.536043245567699;0.3789240093892317;7.481650798683627e-14;7.193999368684016e-13;1645915287.9452388;1670749108.1395667;-6.362557990024417;-2.219253879493733;-2.1702842536061606;112.65920478784142;-94.59865798555109;53.02030843498016;1875.3022878716865;4225.611385540009
1119;1.3116092500533152;1.3580807494177862;1868.900456546179;0.45312251261107817;4.119244544745099;7.064944086136993;9.039181024225618;9.583513526951273e-13;6.603218854516218e-13;8326581225.800169;7817940594.696091;3.638883748930972;-7.497493572790166;1.3520762225537242;231.69757299254422;-154.28211028630287;-13.245127845605992;1957.417370590042;1062.9155813671173
1120;1.5307084778674258;1.5631335834412659;2828.3820733129555;0.7039074933806354;5.703366504643224;7.839923934959897;9.402126034278336;5.46440625066321e-13;7.987713769377596e-13;6623345231.787108;8769488433.396725;8.468904033453512;10.23884676966206;-4.185281220939789;17.769091323838325;-230.95914484519403;-1.647939419827474;1139.82391853266;1061.0549786327022
1121;1.4045667383906322;1.7711843230317537;1116.3818748543395;0.31516205024912936;3.0957355334980354;5.789632153104745;1.0187726856816905;2.1591661289943485e-13;6.722708273188592e-13;3577820049.66489;2648260833.081138;5.877491749201937;-2.8154831583913182;0.2611453135290436;-233.2133343134787;259.46731540738597;-3.6514500428289973;1575.1529071009543;3087.1762728263943
1122;1.9442749178848928;1.5114539616881704;596.8644059259411;0.20363830751086365;2.0975075111710937;6.722276849599003;8.959254665049436;9.038330597427019e-13;1.9753096838063752e-13;7887734553.528316;4256998679.768297;-2.7294683739698673;14.61143726153912;-1.8171414502161265;271.6657535113048;-107.41634919981902;21.1785865487111;1163.5781767122546;1019.4412021895866
1123;1.3000771685674544;1.6285133989353477;3865.7365853610613;0.6431618757964198;6.896799093663003;9.055782948571446;3.75973744633853;2.398960277384114e-13;3.495925865869417e-13;4716550720.602603;3668680104.4562993;-9.615524325039104;1.0642274066284934;4.290489511125102;231.94109824792756;-143.90667634195034;-22.709601521821025;1706.9849975953173;1025.8438307426024
1124;1.7273835401611766;1.2978506223687323;1728.1272322499537;0.27769574588241186;4.076085872849904;3.5412326865494093;2.7716416970220488;9.116378529843436e-13;6.139671063648964e-13;5749609974.252771;4174371277.9092145;-1.362867268883349;-10.939985740654743;-1.3205557540450377;-0.4589274444870739;-270.56965172421553;-35.84270231252609;1041.6741392259792;2385.384172133139
1125;1.361479459024221;2.050361003933287;3241.183620568208;0.8845651588991303;6.452655993096385;1.934609861281609;8.746649038607154;5.337440440731007e-13;2.0475289340060125e-13;3251720416.7174125;4282386412.93794;-8.960085200666548;-8.238822559392258;-4.139430589112079;186.76582496751706;-213.1887496027261;-24.61986148943151;1642.4277986565025;1024.7619035547816
1126;2.0663518226842488;1.3437266977947346;1515.1450315176614;0.8050923033608697;3.8859521389055156;1.056686675502537;6.546918059193463;3.912528523480368e-13;4.450760690024926e-13;2057556891.1901724;5462425826.645218;-9.414103842815383;14.757622908687178;3.0049981103689056;-282.39650433623314;243.03568431785473;21.168944313006843;1081.4981248981242;2381.6631336133855
1127;1.7425474628094253;1.8206857511020156;4601.273873400856;0.47031083483840264;8.269387096514443;6.5770998725118135;7.191790302084016;1.1951443169766096e-14;3.427882065159439e-13;897175430.9863684;5024367781.9931755;-3.019275907338253;-11.81371322541428;1.4002192470272874;111.75421173538064;246.33640793292022;0.6349279253101856;1031.2826078856763;1114.9462194630878
1128;2.217383066510341;2.0609692428879827;3199.3948740273513;0.059506111432582776;6.898329397264355;1.8088112424968297;0.6589478954671829;3.661096794349662e-13;8.900108237923804e-13;2604067325.2595644;2450604124.504297;-8.512565822639417;-12.914993190495725;0.4164090569666481;-194.33752597754375;-111.88790997228061;-5.77880808147953;1025.5224066304056;1290.1460005994854
1129;1.9996479884720677;1.768284876547399;3380.917938221569;0.09832218362352318;6.860103300634138;0.39229886520167073;5.9193143226644045;5.990684372094957e-14;3.9986958720164504e-13;490565185.1993919;4923170386.360699;-13.494948796666955;11.817582156040217;-1.4422269016196454;201.0272808107435;41.85907591386089;3.288815817337528;2103.7119896999816;1046.1420361205915
1130;1.3448891673362435;1.7821335410828532;4852.6238385824645;0.4336353587294509;8.202910004708409;9.39663267128115;5.373303976641497;7.546716728848136e-13;2.6321178687252895e-13;8521481935.356266;3805601854.7497845;-3.9029230072282584;6.8479263911128285;3.5498110525160165;-134.32728603801596;-73.04529463356727;13.907574635647611;5785.649297120561;1075.9294337733556
1131;1.5543923841412914;1.9657795521194716;3277.831849014696;0.04624475677944928;6.5692973925513565;8.216583109492433;4.412141770943746;2.2757407690986536e-13;4.4368372528427267e-13;4375795319.815398;4477251153.724371;-13.557492603289232;2.028971180498761;2.8602233181476695;79.85701962104866;-346.86967954782676;28.7300532442174;3561.949530491381;1381.1905390449879
1132;2.460593549686773;1.2580287174925204;234.92227649454276;0.6996764760316168;1.1543832216645695;5.488913760620318;5.0403351933443545;4.6503803511473235e-14;1.1093673539616963e-13;1616729710.9401941;2392860488.226786;11.730209146344528;5.933649163131182;4.727576639033062;164.1069248580785;-79.04692178373111;-27.62980537122108;2599.60690324329;1174.4101956888042
1133;1.9478226349446681;1.8620817869159096;1475.900601089974;0.057359955241178984;3.9623176007363523;7.320549286477217;8.49231441916179;3.330915181533657e-13;4.66520735201066e-13;4996933844.431419;6369399457.389398;-5.08016146442484;3.633434387931782;3.894683372181383;-23.64414190550778;-285.3037989567181;-5.377958914672206;1109.7210666330895;1051.0299487987716
1134;2.1233638597616213;1.3481288485106506;2956.575899222074;0.8173500883965344;6.104329355043828;9.928403895993673;9.506145753228607;8.221756061751731e-13;4.676476425530708e-13;9142647804.29473;6747013628.927662;-6.904245684605076;13.703928313733112;-0.21635309540304437;-247.37999170461492;-131.23529123937817;9.709212368324197;1339.1334079826006;1911.1822670276752
1135;2.0150781464579977;1.4485746164428508;3239.612276319582;0.5408277564300255;6.483059237223795;4.183100400363791;8.227961169792746;1.7513713971709034e-14;7.197534552912804e-13;866140305.6154292;7787319157.147647;-0.2159184408263055;-14.91768324503311;-1.9383184259931308;-267.6124876714672;44.30733255957968;29.024285025092798;1256.0131905016428;2348.38122399053
1136;1.7790284153830782;1.2675517615079528;3766.2528511681767;0.3276192418743643;6.8677904665813605;9.888799146194861;3.140059602655679;9.391830534650731e-13;3.3024673356332586e-13;9752071574.326925;3258653545.896682;-2.3062244564320267;8.102609246835687;3.2064183419470265;-8.271947252138318;-199.12232988442642;21.053942767096228;1816.7324723193256;1359.0263584480065
1137;1.5954830514959015;1.7772415316873076;2344.82474066217;0.34945395063981;5.180126929788305;7.979909881792281;7.2984285490617475;3.5984029187929876e-13;5.838017714567802e-13;5422553766.869875;6605373243.180145;3.003805092040153;6.126552250569858;-4.694225538424529;247.10543751400792;-127.64096377090236;21.440004819860846;1465.8171283917113;2142.3591996517935
1138;1.6640105693651759;1.3588224898039107;1849.3505409404431;0.8292119612864911;4.263412921487174;6.683710261022647;3.2089631319949725;2.057054948173705e-13;7.965383185922992e-13;3752163307.606201;5116060582.055268;10.923544102960896;-8.827663060738528;-0.9293810398230873;198.2630889603678;-136.77315898110382;-30.55170859913575;1140.3691940649019;3342.603834623431
1139;1.7671941571507155;1.2277856426310716;3324.800466222201;0.8960645887093344;6.284174083280796;4.584353751713053;4.996227272101922;5.191876519625344e-14;6.378290897310384e-13;1561173666.4318793;5712460793.114871;-0.6483652174268464;-13.22983144311663;4.436358029147073;-116.33026033711863;35.587097881028924;-4.077890221862295;1100.321980838285;1410.8402836660366
1140;1.2584048133361232;1.3509833373405318;3077.304878845141;0.7506310169857977;5.700326904685461;7.0609505272442075;2.7524792710057655;4.999799625302378e-13;9.504520028082364e-14;6012538391.362144;1636730222.814731;-0.19787680029496713;5.820196081487836;4.152484224529999;-94.20811270282583;-375.60261814932613;16.665798303889858;4294.994064595579;2941.711827060893
1141;1.4066701160486699;1.3172368366858076;1583.6807243209266;0.10582197786411607;3.713490867274635;2.1993789088401043;0.269693254542431;6.889267529191723e-13;5.354992451814628e-13;3939004992.874054;1216086456.8759742;12.694407817202222;11.073851598000338;4.140427071961174;-291.42453807892474;-36.33988556605706;-12.824636913078605;4985.957641094006;2909.900950272592
1142;1.7519772898400434;1.3142624221522146;3689.0602216485877;0.927839859813586;6.7881648648760144;2.2652679001912124;2.478000744106462;5.190287648729748e-13;6.468839479236501e-13;3469808267.2546415;4051481701.80819;-11.708649487453854;-10.877209975919211;0.7187272073283122;206.92478526666036;63.76449492550812;-5.073509673841306;5933.216790180398;2458.450245447022
1143;1.2965972488991075;1.4219954038730926;411.1851262464927;0.2898546966939397;1.5103565880340182;8.408443506882998;9.108001751826707;2.891583076618182e-13;2.972375877702113e-13;4989713624.636968;5265182087.452157;0.4488386405306972;10.289749221223293;-3.2503931789922635;-20.097912665278102;-93.96660604903099;3.3573692725327797;1054.9389343845828;2285.2092110219887
1144;1.2061825965116477;1.4833032864243973;175.9760394847281;0.12376896557850625;0.85467034011397;3.2991481221793926;0.6149500239603958;8.798310960290522e-13;6.680861122311047e-13;5451933366.154128;2051096585.784064;10.225467797891866;-1.1349799271891818;2.357216514108692;318.75223302928697;206.39029542357088;-2.1348402258497745;1222.346252450742;1045.1744817499032
1145;1.3673979738987856;1.3118716697324568;2590.5932218980483;0.8483111116796173;5.127175004629248;4.634098968344682;2.831707631581711;1.376462834752301e-13;7.594586211729106e-13;2555729438.448093;4692737290.759579;-12.004833014928291;-11.698753257524373;3.226299583314354;-241.5138592116486;-166.95092940276166;4.2895732046974855;1931.3177528011051;1415.3052267248504
1146;1.4148339140486237;1.9411534981057532;2994.491451802695;0.7057414126819065;6.087355657747984;1.5560558813293315;2.624803112024595;4.367407647269535e-13;1.5155901339534213e-13;2637997855.2366514;2018316307.4598658;-3.295346068377402;-5.113846704131504;2.5789910421189948;100.48874095936065;305.26741255975344;16.25339278077057;1446.5761995943108;2712.213254689292
1147;2.280623194449758;1.4403815164361293;4451.5547485785755;0.7074841187253181;8.206684473926687;8.324354245195035;1.3183841942413563;6.333260319550514e-13;7.416770017116268e-13;7347488665.198675;3164305298.1023536;0.9462204188594896;5.15596032113735;2.1079163023379985;-310.8489354303191;-26.55600550353634;5.43642813058801;2061.357876925746;1785.3146397674327
1148;1.3505762942909612;2.273563197309951;3675.816630276579;0.1227077261945515;7.159961891917255;7.987826618169302;5.362336090093908;8.341046658209139e-13;6.237797317677791e-13;8259895795.245308;5852516181.573289;-6.969382485915279;-11.965260614107216;4.646261133114022;222.29253814547377;32.24438723606045;51.24199149534668;2276.3802360873424;1296.3986750004467
1149;2.039595751870178;1.373250279305507;224.56282573369506;0.8242214006070901;1.0886058367001743;2.9313291241274446;0.7577502021297622;2.990965580128766e-13;2.5260899263362954e-13;2996318511.54667;1400030226.792974;1.0913432802310403;5.355934454921652;-3.0043909251447545;-305.4814561973738;144.34624974976708;-4.158082904626369;2159.83160852378;3183.36356362848
1150;1.3730755913866532;2.33290463334105;2492.5646842097417;0.4973040663209819;5.567648907004863;4.787605175236898;5.004793623141863;5.501845008184928e-14;1.6965652352871026e-13;1642340936.4004283;2948684771.844641;13.911938347246402;0.5561872703538633;-0.11102311680008992;-117.26768899986945;-348.89705521376834;-3.3791879226190353;1186.4800064540402;1323.416668890061
1151;1.453905663949017;1.548523976845434;1299.20999788501;0.30191967174115375;3.3616335222192686;4.979571728585367;5.40472241090281;9.68886794366208e-13;1.1062420625603095e-13;7028821153.203353;2474353575.74877;-10.524081496244376;-9.316729242850618;2.566640766005265;145.98615145079273;-241.35659306781517;23.99124635660614;1520.137511717689;2257.3458616079542
1152;1.722490063185832;1.2730667191161802;4189.27422539293;0.5023893103846719;7.331478447120593;3.702327120329613;5.899285128668224;7.185349839478171e-13;1.7161477433411745e-13;5219288836.007278;3219786008.0371003;-13.321328226928015;-1.9451666153486595;2.7323883543288456;-42.94349364380227;-263.351477948344;12.162064419782437;1410.5206390923975;8699.74014506837
1153;1.6863872759020788;1.2659800856696322;3908.686262443149;0.9819395065544716;6.966540887710375;0.8539186941946376;7.871093586411889;1.4857303409324635e-13;7.079269540804456e-13;1139798904.4380193;7553734924.724694;4.4836431365865295;-8.764491345286196;-2.691585448034327;-319.80044485558386;-77.76004443871717;-14.196402034469134;1059.3123619604396;2288.3269483111017
1154;1.2896991615365303;1.619679685690115;3384.5334952508597;0.520854155213281;6.298045882486294;5.385270854228185;8.86953272651146;2.6458239536672667e-13;4.807711393755771e-13;3819743723.0863533;6607992526.604111;-10.149454111166268;-8.91538042044558;-4.532248373287558;255.88586949948996;-106.8379343731807;-24.226317625192905;2122.285758652928;1414.9079039764054
1155;1.8694245872755002;1.702205574909048;1850.7534817542655;0.14063899824710535;4.509493109001148;8.569410421574599;7.943524081816955;1.6292335094711985e-13;9.312654319179573e-13;3781090888.884692;8703487858.464592;6.692389752957311;2.994730881135645;0.6085547290078388;-157.14044165079662;189.11704359170238;15.814470022557682;3036.2657671895618;1021.5836562063168
1156;2.1406821718788347;1.6559514815446663;3221.061973289269;0.6814261643959836;6.6589456224972245;1.6624758790729928;4.998712221773168;5.217439628152224e-13;3.744791669179504e-13;2980275214.321386;4378172580.649975;-7.4612809006628815;-0.6571964746401981;-1.154602095359989;-256.15896936202654;88.83911768718343;-2.4769761718007968;1704.4033945973013;1173.351589861195
1157;1.5161033182102406;1.4435341620077686;2188.309125795409;0.7876787438236629;4.736146606359718;4.772448264131289;7.357230604523752;2.6070847323331224e-13;6.717686536513642e-13;3569424218.7491236;7114051913.889031;14.926577017243009;2.419592982627705;-3.46987415615477;-209.08201525822483;-144.3565050860799;20.381060459053035;1440.527491092248;1876.2276411376088
1158;2.1903857284461465;2.015101431760716;1731.0885777831409;0.5393799814282865;4.554333343400728;0.49776113602182537;6.974804610862718;4.8873890778460025e-14;3.760139664165364e-14;499113052.8967311;1638769941.581764;-14.916012026812929;-6.352816415519705;1.1356143113947024;114.65285332977028;-174.5146786489296;-15.46549259252861;1360.1063152343881;1083.7066491924036
1159;1.268903832903015;2.041385568228033;3833.99267864216;0.27414014668638975;7.144897852377278;1.6198165697125875;6.158504450911423;9.32476003771264e-13;7.44182544338552e-13;3932798804.5798945;6850580083.378304;-9.811254363775118;4.384657763904578;-3.4740906062027674;85.25396824246339;-182.107371311377;-34.48320015600832;4733.370739927446;5555.180771450459
1160;1.4290975033592714;1.3788139168222042;4991.2124707520215;0.3579824660186878;8.063774167026752;2.5352226553425377;3.4510281569409442;6.550557868054111e-13;9.80436784955611e-13;4123796025.1831627;5886186634.660888;0.3277094237225011;-4.9496709345799985;-3.56183201792534;-185.204466153793;-243.37948581676827;-14.818388874414842;1090.8497611518737;1182.8654276521295
1161;1.7927263849782673;1.5458931876170108;799.9762246498527;0.08330380104669222;2.520655814675144;9.980118669133232;4.679535782848146;3.4219709676768284e-13;6.321742673278918e-13;5913655094.093438;5503890329.099627;4.842563999977848;9.737539145267583;3.9258734259151975;250.8997981317686;132.58329471730707;29.33566311231468;9219.832396672451;6218.839569638031
1162;2.007094176215463;1.6229592629079714;1368.7845177897748;0.7443096539756852;3.7079532161678364;3.6073269179429954;4.346230583345115;4.867829256656206e-13;7.688470012473244e-15;4240434876.957085;584960205.7535131;3.72697319919477;14.018436540583455;3.759555411756125;-124.41110493633444;-178.53573278151552;3.654253155333129;2674.4167599143175;1369.9999518979614
1163;1.5181708984405105;1.5962261576436976;4097.694767106575;0.6982814953276874;7.318536566380511;2.2854882100252527;8.057761330552259;9.863392720080762e-13;8.462419727857777e-13;4804549073.44443;8356115978.655383;9.96211040903043;13.895367874219435;4.7448721431042635;208.3910535031835;187.28887702205088;-21.083463863461553;1235.4436706052074;1240.5394461608948
1164;1.3923184605207997;1.2526996787973983;949.6872943334336;0.9416774525389326;2.6149887228692594;5.233657139020883;5.317984026661064;4.2575837711146986e-13;2.275659495303048e-13;4776768709.854191;3520279384.7148805;10.462208356839081;2.054223840362525;4.959930995791414;248.64328638860434;128.11985366177902;8.032688074424728;2565.1366307800326;4261.687880692645
1165;1.8852112887599703;2.081302450769141;2259.66702704942;0.6718186902920068;5.334648432628568;2.7850222813208534;4.450016118655901;9.591951722386127e-13;9.311560829695146e-13;5230194112.137339;6513913883.431069;-6.4740075018441985;13.941056225241152;-2.1761414415681726;135.61549325185757;-247.67190356610686;29.791583266589654;1129.9078421524284;1089.6447403834775
1166;1.3997907362808413;1.883867203706492;4384.2990667691365;0.44970602579959706;7.792185229702625;6.736488960279703;3.857171839719373;2.5693399715461697e-13;2.2067543693209526e-13;4209956090.271105;2952306682.9133797;2.6283306220734772;8.535088432585479;-1.1356797156961882;-159.45271548881385;258.8486057907842;7.883531009926999;4112.314312931978;1323.543257050689
1167;1.3328905965121154;2.081852997628526;4401.921958855349;0.321452367374905;7.915665662151784;3.950910832322414;1.3715042681115863;3.7765264012246044e-13;5.952780619781481e-13;3908812648.9717402;2891402144.9487324;14.199906258346797;5.601416579941283;4.2510179912464405;-34.431223984023774;-127.08900591502187;14.582546969917255;2176.769110031626;1371.1638933365618
1168;1.3887195809990944;1.2995311107098244;3544.998208658068;0.4508615973370188;6.326649656594509;3.8537297412503935;7.39038016926442;3.8402526084868e-13;4.5342877497758107e-13;3892875388.171287;5857845415.688784;-7.825032133183575;14.027029512533396;2.742597614175301;-144.45760822685006;-198.89215971621758;27.365125034491392;1855.5595309711239;1924.8184431386833
1169;1.9504944113367584;1.403086449521436;2212.3695577055378;0.21378186455886083;4.973718790571881;3.8187171623822986;9.807757779203502;1.9816100075046063e-13;3.3557995265320417e-13;2783670443.907057;5805409353.841905;8.72750940958323;6.84381335009801;-4.687060934618924;-22.086956599378;16.31789094574654;34.91943942941231;1288.1868203500464;1381.3513901397853
1170;1.3843547949312687;2.017591965784859;616.3240027578048;0.3053377277765721;2.1316786833394197;9.757008317853673;2.382637650732782;9.424432319034737e-13;2.293505211796167e-14;9703667702.293798;748046928.6516769;3.474544055659859;-12.917249859949553;-0.3785118576018185;-192.0512634232527;-200.43639605896212;-10.103813031536568;1192.0121194172295;4658.272506208913
1171;2.248999198497699;1.9616552697082255;3990.3922305751316;0.1833744757668886;7.950603748288735;2.6636051305169395;2.923172367463913;5.936298803748941e-13;7.400623173576412e-13;4023859203.8919535;4706643846.1948595;-9.56596166206014;-9.975995578884138;-3.4683249215659973;337.96223307510377;248.47955360168902;-24.352981138118487;1033.1302887902;1159.2167150146556
1172;1.3641941689310968;1.4133464019041442;4981.448650190597;0.7188687695893562;8.024114045402712;5.133751456495246;6.288544225040508;9.254912540125821e-13;2.541327875003981e-13;6975150093.739176;4045343347.33972;4.9122732609840405;12.693147014400076;3.614114154637015;174.09795842059148;44.698001114291685;0.9060570417094855;1026.871829036946;2084.1981182934996
1173;1.85532311422826;1.345815569790625;3236.8926985270627;0.937151977108888;6.311417099544353;7.687783109140143;6.331602623964257;9.033300339549519e-13;8.991012139256673e-13;8432838137.93808;7635036112.4414015;-9.354308013865102;4.432979437672472;0.26481176098034886;6.246827196924528;-109.48318608075186;29.73307725288761;1207.8724008323518;2767.672886489277
1174;1.2943017470163476;1.318502271306638;4990.973394107834;0.8498600710785407;7.8722515879500286;8.519256190933035;0.7873690903266654;9.7366238731851e-13;5.395806544800945e-13;9216266285.620691;2085774456.1042056;6.108329344572951;6.286260034865581;1.16010297694912;-94.73218374456192;-228.86208957780576;-17.365762411831053;2719.1285205844297;3896.2949617074764
1175;1.4496052032176625;1.344224202003363;3301.49240735914;0.8833137763229924;6.111484014808558;1.4051825397293622;0.9307745215879691;3.114791369876745e-13;2.905733589248128e-13;2117048619.8004324;1664179310.7679193;13.259763394252499;2.7725522359363524;-0.8941741312306242;-183.75348935619687;-55.18205530027663;-1.045535739661657;4309.131295230752;2201.9451764329174
1176;1.4158242686996563;1.34018189907422;3745.656476370232;0.5468268954125991;6.617874723974523;9.885571938609994;5.04591531974344;3.049929997009174e-13;8.877590937679579e-13;5556429577.578984;6772788631.3991375;2.8030731983973993;-3.2995574726355663;-0.09654030882115094;116.2659936418475;-207.68301001667024;33.38642305101698;7242.049788782612;2489.6507715247612
1177;1.892895238142084;1.34065526047653;3861.2136722866344;0.1799584077735118;7.122770582971361;0.4735145592734028;2.4868930812150074;7.162546125049587e-13;2.1278359407497382e-14;1863589962.5718508;736118284.6871431;-2.141531008479319;-7.036880829868219;-2.5690803107859184;82.70604496826134;-133.09284828894482;-43.6227746430095;1367.0922481696753;1488.684972679338
1178;1.3566443572342868;1.6373492943772612;4576.083845009058;0.5236052823756104;7.77474446974535;4.007503482871161;1.9728702765297694;3.4225155334005355e-13;1.3619185893479354e-14;3747655367.075539;524535416.618684;1.42112557061062;-9.638606684099745;-0.03459809257441915;-26.515233219644358;54.44438988822459;-39.938870345655246;1851.1809113182712;1075.5685744124596
1179;1.2993739083419107;1.4479628234707713;1406.330217589898;0.33784489287924235;3.4406092569977895;9.790339818715426;2.100929326781825;7.945884280247308e-13;3.5605260500586954e-13;8925241567.495058;2767660297.7379827;2.1468516428936546;5.221720713003375;0.46591046278402715;118.97538319269299;128.90848874850823;4.595437151831408;8210.899531403733;4770.166294394534
1180;1.29931051412046;1.55902954371219;3446.7931288358322;0.01124622500088912;6.337548479330484;1.7922635711261332;8.919735740463867;9.912461785658894e-13;4.696846400090843e-13;4265222387.921072;6549816775.392726;1.7175449716642355;6.322822139340989;2.6472175261725077;238.56998722580582;-145.5453590268884;27.20310849459758;2964.732663668184;1802.4703069940588
1181;1.3427336471678333;1.299169366743873;4904.540417708781;0.07379231258923546;7.809879844318421;3.887477301557252;0.17894485866919566;9.87993522754155e-13;7.281490103615291e-13;6271348859.091944;1155100369.107554;-5.781341900078305;12.432712871557147;4.160480309667589;118.91647351887201;-143.24070611730366;-4.633807464429855;1037.1868816089857;6150.1897128781275
1182;1.1730804040087395;1.870138694236393;4172.3507150598;0.41790872173311155;7.3502954301825785;3.2309908291495573;9.86931149945368;6.809129036436281e-13;5.316131124094608e-13;4746392216.676884;7329785217.35021;1.8720753837730797;10.753901521016541;3.383125766262687;-387.4163747067305;-250.8654283321921;-35.402884047702145;1596.0868345826018;2004.2713848849392
1183;1.302811502256842;1.2053109926061016;2497.530088467942;0.14002470458623206;4.894743263640838;0.5472246488376126;4.305788992370896;8.421678657604048e-13;9.387143422046944e-13;2172361698.5979395;6433437357.125004;7.612973388803933;4.3328061728747755;-4.84639871963105;199.2043822871252;2.1583101921493437;9.079444480568306;1154.1221536085638;1243.3884791441144
1184;1.1740195738974442;1.6765691120674195;922.4637730514859;0.6645566350959706;2.629567049163707;1.793166492538936;3.9397188788707656;4.600415694561844e-13;8.048755193890054e-13;2906423015.640404;5698321575.315704;-13.867293544520017;-12.696143100737338;3.9532393634990832;-229.66068562778665;115.23129856635384;-12.487221574321811;2441.361308055269;1134.060992142367
1185;1.3902795723952386;1.4186707467098427;4106.849061954007;0.975727668167887;7.0815288810106;2.939320174721432;0.6463421564590136;6.736378379225453e-13;1.730253432604323e-13;4502841527.702856;1070128867.2335173;0.8043059854169758;-1.1895747966631163;0.1693684003663556;512.5177944454549;10.46159343191448;19.22659207416872;5698.644976105355;3854.3313186597084
1186;1.7768014101494354;1.9083463551144195;4782.421180644382;0.8758468568782339;8.580712807343417;4.903783152363422;9.948914303624415;9.092980008469363e-13;6.467780081307126e-13;6757230366.23711;8117371934.18783;4.475571506417769;9.367056501216958;-3.024152290264629;259.8837642401185;-56.19980507811482;6.367320811880335;2009.3530444692738;1405.328399979129
1187;2.1466094896997725;1.4107685805153993;1066.799530714473;0.689517870499518;3.1191653811071993;8.0993082973298;5.721884468452023;1.4097391112845971e-13;9.22379379334677e-13;3419348119.370712;7351472099.183101;11.21983274765617;-8.945962694223848;-2.514723965707354;-214.4631154525073;222.06191044024263;50.65493603321439;1409.3847776887542;1471.2406327115796
1188;1.8929264845943008;1.2959498882613671;3981.992612721509;0.012103202423063397;7.236902326557816;0.9128574324353139;6.559021685412013;8.480562538475784e-13;3.9839908443212577e-13;2815553518.1465893;5172835616.816303;-8.13966027917785;1.7825281376973017;-0.8512794567272177;149.9178658485568;-80.59275447509035;2.637573690901581;9355.108843541264;1255.430110936416
1189;1.7999056442201198;1.8255381134710333;1840.058019076582;0.7323031968091206;4.514551230230078;4.205566994820357;5.757373302872362;5.624531912226244e-13;4.0850298670639627e-13;4921590197.272164;4907494157.268451;13.811965384406108;-1.4015106041128327;2.90222814518906;120.35156963023624;-289.0806087143701;-38.29995294689564;2176.2353016019065;1072.5390327086
1190;2.04570691989767;1.3565056502115538;1181.5180347854443;0.3619642501758179;3.2896818745086405;3.9981358966586247;2.0559983353102056;4.692469802394044e-13;7.056426952106704e-13;4383081008.605791;3854373375.3195105;-11.054879349221011;3.2777984589111107;4.922654612644999;261.10118833755814;-146.27681417767693;-18.685212543664317;1211.269148074234;1949.1420574672504
1191;1.4241369437539535;1.4170412601797744;890.5759914218281;0.7048836235610956;2.565783435638961;2.8736266326609745;2.615879456265085;6.812378968875047e-13;1.0185411789454122e-13;4477283020.317185;1651764537.7147565;2.257702576921229;9.883711609704168;3.802906088384372;-148.94753938202018;-82.285193853822;-11.943387230476452;1633.8958912530234;1263.4472964464148
1192;1.4423012765858116;1.4126352806016904;533.5515839393274;0.49714340234695187;1.8263735677544035;1.4423204720434577;9.905238167376954;1.975995968494579e-13;7.624897064172022e-13;1708338346.039189;8794262648.823595;-13.484690325532101;-10.556889004104132;1.650339373502037;-130.57349856270048;87.06642377322738;-16.0082351268548;1746.3250996790293;1232.2982406379954
1193;1.2875987877552555;1.6653936055819685;3225.706475899514;0.2742121078992106;6.1297654519082725;4.344478330782947;2.348557019936618;3.88864602104632e-14;9.847397634168683e-13;1315279350.3856728;4866438845.607548;2.459493353166664;0.03543159936893403;2.903661141289273;-114.18897213803992;122.1157879834347;2.74527097867002;3456.265563582368;1118.9666934482507
1194;1.2875634423410225;1.475927538791451;694.4643468833625;0.6144490309107943;2.1537361800540094;9.584286498251439;1.0540829180803044;7.242089140396299e-13;2.6221861643190113e-13;8430664466.069802;1682360747.0715752;-7.76860047352931;1.7392439361596281;-4.613431457488986;306.16103138816436;115.9536089537541;-11.57884884919769;1432.446682752386;1468.2288517864622
1195;1.2135462721699448;1.3777984560295455;3418.2924575082743;0.6624048526536704;6.099876728661585;1.7055049126826727;3.677351210387922;7.501540134477632e-13;4.29955291538113e-13;3619525863.6024065;4023733254.6186266;-0.8330116286424438;-12.95255855552671;1.4589937401774042;-81.76273635259508;-283.7351217953917;-35.85409921482712;1713.4967470177214;2027.7673811588807
1196;1.383516125612461;1.8123597325479655;4957.72627948425;0.038228147438520876;8.381559791560209;7.171341322775436;1.1171048463034237;7.206019616553643e-14;9.375450423721683e-13;2300371058.7402124;3274862099.55897;-2.409969659733246;-5.556742650059043;-1.7855982926434457;-155.16438575919537;-348.13596873567315;-12.034786873727528;1829.9134897730005;2306.840764547171
1197;1.341613117471474;1.3999931448587946;1536.823808668146;0.3145048891080261;3.6477432691985783;9.062934506846918;2.996971076970982;3.1654789884927696e-13;3.984705282609576e-13;5420060280.628089;3496949470.296648;-2.9544309726637668;-4.132508904049928;-4.270870915790654;-192.0714213657907;-93.73747066277122;-6.0962100586211925;1557.3437552660207;7899.047946718214
1198;1.4027402569144711;1.914476068902628;3602.456311491223;0.10118651124450007;6.859044124969378;0.11789946182064875;2.3966875641907337;7.335027374825222e-13;3.694803705234286e-13;941037129.262166;3011281629.91772;-5.986039809834562;-0.9666307430490644;4.836929240229605;-31.781115961201692;-304.0380446358152;-1.8154035102432244;1049.7566389874507;1051.8661685559869
1199;1.3632907687333926;2.063086481084872;2367.5796632847155;0.41341416297266154;5.24108629076728;8.469701334644572;8.88615389508718;1.1590632548299907e-13;2.2685372507834264e-13;3170571820.1428523;4543388254.843767;-14.46014531014223;5.03873508752195;-2.250685819540207;-106.31789389390163;-93.04395241216724;19.817485247087788;1150.7847482152672;1405.7610741591627
1200;1.3137536604366835;1.8112403850279926;4955.891854705763;0.3162556657314759;8.31707840380563;8.096050940987697;4.922627335467715;2.335610234053538e-13;2.5877699040906165e-13;4400345520.477477;3611696819.0317125;6.375995480570335;3.367534056811788;2.9148300836881855;118.08747934199587;-172.15999500697842;3.965175596091954;6485.560359835319;2696.560465132825
1201;1.3538758240028592;1.2030407141231183;2765.281590433453;0.11620249109340086;5.272358617081648;5.503645351629679;2.7969568355751213;2.941363579289832e-13;6.154231550861958e-13;4071454201.9266276;4198360975.903445;9.986252285223532;-1.9852209494773856;-0.21386766729317142;128.16254992773344;-330.07234302158975;-13.49480701473738;2311.327138909139;1004.6954684994324
1202;1.9604967263973516;1.419446266087908;1887.6329969391293;0.5199966751767927;4.485952620402877;7.684648439317551;2.919139180640051;6.841329598428567e-13;6.477615227574576e-13;7337231761.988657;4400327017.133356;0.22719971791189408;-11.514111438413234;1.4858602290737082;253.23330863155638;167.73405548645943;3.665946569637208;1206.9430233868852;4263.073721678517
1203;1.4682878399034291;1.4917760181614383;1693.774470034821;0.9619762850859424;3.9927973202275644;7.075951436406183;0.8855058551652264;6.518903196308985e-13;8.559221736377069e-13;6872736067.547814;2785882758.9000645;-0.9808112198869132;-11.900252620610262;1.7514560931037524;242.0069085222869;-129.49215321934616;5.390092239811329;2951.826976238746;1285.1523911115685
1204;1.3199782900006192;1.6089652183662542;3140.9413023979905;0.374065848143906;6.005512321258001;4.1069363712246325;2.8855561046613616;5.0876805286901234e-14;4.2650773804504773e-13;1462745874.4926138;3549998725.8786798;8.447884436622733;11.991047869407492;0.01986280405586438;-189.69210238251188;-109.20427429047541;-13.873152395964397;1222.7511543524226;1167.60390773931
1205;1.5489030451290644;1.3136450635392967;3461.653401733239;0.8266718742580359;6.358868388106744;7.133656020713963;1.0030227822149491;5.333458712215528e-13;9.41135152450902e-13;6241809776.828566;3109076259.966668;-13.686194969235308;-9.762642765801559;-2.1715416128341514;66.64429056128077;-106.81211387176955;59.375784443297285;2817.885192700546;1113.0018293381454
1206;1.271946529428046;1.4699246227765854;1363.9986679577842;0.6412528349547502;3.3689778979981053;4.171730861328159;1.2392157526040815;5.243625803827318e-13;1.9429212440166828e-13;4732863349.524164;1570185778.2868567;-13.774441230213881;-13.169247940494834;2.4048754809712705;130.94992271856893;401.9631936043446;-13.160340780391705;1189.814404903511;1672.840443810598
1207;1.2859166901908383;1.3568894580273547;2854.354555913957;0.40193570295924785;5.444611531707386;2.548475038839648;2.067160993631363;6.370127268087591e-13;1.2602851051129107e-13;4077220742.7412977;1633320943.105631;6.006309402551707;-12.327696127158692;-2.5442868945008437;160.9479893908024;-314.4912260126314;23.66522906719438;2617.9045783363713;2352.8006989474356
1208;1.3691240376456157;2.2053059693472328;2109.124653902417;0.5792667269469346;4.921267228650777;0.5043502811528496;3.103033000316825;2.759494445354799e-13;1.022481485088598e-13;1193798074.4409523;1802481856.0566716;-0.06668972978665444;-12.419844489236375;-3.743594407080689;-43.13451160873484;320.5886323952484;10.870693105401463;1161.7012503590456;1321.9136121818624
1209;1.7164955974035085;1.2873061653353375;4148.569165288951;0.3326394240542041;7.290586990020452;0.5509439712887358;0.4544806953818823;4.3413845671053884e-13;2.643486307012878e-13;1565012551.3859935;1109165190.0978255;-5.588019132333358;5.48592942314653;-3.3974496824759823;47.74362492127142;66.35363681219906;30.935441008095204;1017.1845868382189;2429.7167033826827
1210;2.057848574888216;1.8718729137698733;904.3242233348257;0.7289826038226529;2.8880844188560193;0.6418165488116753;5.474357441654796;4.867707181005517e-13;7.037355112621932e-13;1788618244.3729293;6280891438.822811;14.866459932591628;5.567955758315357;2.3966293970652854;124.50279243203018;-156.92003418241165;9.50297654402015;1234.9936819123325;5955.919376876834
1211;1.4417423324656526;1.9825970362427796;4714.1808992235;0.07614808798412287;8.293470020996578;6.036953405068767;7.268691142997147;8.480457094954912e-14;1.3134586146783882e-13;2289646944.836472;3126700497.1994123;3.708837798633965;-14.318073667870689;-0.8865561537619975;169.03367337299096;145.56822720135347;8.942323455764257;1055.34913891399;1418.0230534099862
1212;1.3266897976129453;2.0745840655392094;3310.063415631516;0.14718413704766276;6.536991601941872;6.996253191643463;1.74835969715877;8.555171226482153e-13;8.016577884931979e-13;7828834105.682152;3788435345.0395527;9.1748233037762;5.438576513126076;1.2671212299568708;-229.26618491246862;-199.89149699663383;-35.929220528972024;1000.3776908835491;1246.2900679252423
1213;1.8958747027951635;1.8345153273281614;2675.562907747803;0.6621925335301633;5.849715012303176;7.800775031414173;6.085128241636043;3.3117850971169165e-13;3.146719568919272e-13;5143395596.965023;4428063767.399426;10.622104080475818;-10.010005142476643;-2.8476598925633;272.0106035021979;-190.18734606714457;2.2797747736496703;1306.3519053692437;3713.3626787468347
1214;1.7185775456682195;1.4244871439862665;2672.2800211650883;0.8843131519970733;5.520506598471319;2.063862909565889;2.556660821337911;4.1641235814426197e-13;6.535506287983504e-13;2966553646.1763525;4136434530.253473;12.390786584373409;-0.9184596185336851;4.5787902577180315;-185.60040661235982;331.16401916491554;-26.101837583534103;1092.9642440804414;1627.4806851154422
1215;1.2439959571056456;1.8143304540702554;4081.0603159485954;0.31172292242212973;7.254650103690567;8.729819490335423;2.4145464297465997;7.945856983226618e-13;4.0688702774315093e-13;8427970021.98155;3171791864.2795105;0.2733049648781236;2.766422945370234;-2.7868723246375415;-38.80831777158531;-234.04182915424278;-18.618635838507757;2085.878453528744;2245.166736472644
1216;1.4311467199588177;1.3555941081060072;2608.172853230817;0.7119244959763157;5.21830697956938;4.413846942941595;4.331366073195713;8.182246770382632e-13;4.953122846855094e-16;6081278593.462025;148218349.65133178;-4.835079047862962;-8.761225294984786;-3.9459088177575383;-124.68203789872871;-128.7502010733549;9.386347613890283;1022.1086292043432;1213.116161263649
1217;1.5946290824130547;1.453009475146776;3927.942095581024;0.8285377641516583;7.063789053220984;9.288057773042311;3.5068794490331774;4.3969019520448677e-13;4.727794009460723e-14;6466746296.049285;1302985761.1910017;-12.633115361876639;-10.67862889780848;3.9343133627750824;-88.33906702352081;-257.59454780138884;-15.345646702866514;1009.5545291487871;4422.036136362382
1218;1.5186468792837273;1.4041554847805646;2270.500859079883;0.2349320961237512;4.833786308846427;3.235049954622112;2.188542960164248;6.866713438644882e-13;1.1983320812232482e-13;4769413052.152787;1638762847.414877;11.446502557156908;-2.2094890717065923;-3.261165009144722;-209.3853410245057;246.72516177824025;26.124142163263784;1629.688959206156;2362.6545532231203
1219;1.3998771404316739;1.467338983439165;220.91804674916202;0.7973885017602071;1.0160477618333172;4.318215670911403;6.004495284092702;8.938553258985204e-13;4.758652097976925e-13;6286888513.121855;5409164757.9716835;12.613274698565363;14.410097157947707;-0.926053264348341;-294.0678242776382;44.13473437308063;21.25419586933527;1667.3227456728034;1177.0028569131298
1220;1.97997294463604;2.0127766491644583;2628.5303356118475;0.12032426574208899;5.913426511200446;8.300574753162532;7.465163096380519;2.373750627121107e-13;9.945228224679093e-14;4491812373.018717;2757255460.515534;6.7676655079611905;9.316323412669483;-1.1310119162647716;-271.4640756055415;-99.44537009565276;16.85654189616821;2116.803201649646;1788.607221893569
1221;1.3833352981753222;2.2377817597431995;1297.6663569693003;0.7556570770096331;3.5754392379474953;5.282617074067807;3.9478229567331407;3.407215865800794e-14;6.117612167434083e-13;1357607937.0974207;4973015156.733984;-8.9681294039651;-8.892751279140818;3.0038238984319623;-181.69536720070684;-189.27082312526733;7.26034068931926;2535.0838185683638;1147.8599979053954
1222;1.9864869013703719;1.7551488173717862;2914.241743124539;0.9185550054939225;6.198844389249754;7.071281682976133;3.4837158126622767;4.7885902359425436e-15;4.77432723751648e-13;588847566.9716538;4126933107.668722;-9.787613192651737;2.536389231852251;3.989546542549583;-321.874426424269;282.49366585496216;-2.353322590431812;1205.249125718363;1370.2571819182147
1223;1.4240721466333996;2.022383122955538;1580.5752351580697;0.2439629364196626;4.011198747869015;2.084293998760036;0.9432431959778332;9.806328184279085e-13;3.180117377835157e-13;4574911309.303061;1752602367.0391338;-13.865704900005069;-9.595954779412956;-0.34924862057324013;-135.10224078493818;-150.55926514016122;-18.28052810106376;1279.8936961331872;3661.654857152035
1224;1.3696537314298005;1.37736952297125;3682.3749812895817;0.11161066076337833;6.536008922125323;9.195884067840716;5.289316705599892;6.74905369692289e-14;8.349759256660042e-13;2520972822.806377;6724914098.407878;0.05985384107622238;-9.415363844932646;4.975457069320409;52.66832283751033;195.99351384841003;-2.2011695765160177;1285.9528101024507;1030.2230552123792
1225;1.4349979767889554;1.304607548519034;10.948686563730535;0.5305184918595284;0.13502386752839823;1.2190700285691234;8.839417701037561;1.4865101201708248e-13;1.7458501832806046e-13;1362223099.6047955;3975257751.3631806;-5.365669235536677;6.88397751842027;-0.07205950929543903;215.86635770138395;-161.82357921733166;-3.318858408025369;1090.6270610357049;1292.6076604384746
1226;1.3484182944876473;1.3769300572999508;1467.3897274918615;0.25709405119581263;3.5300227719995676;5.2620052528267935;5.330980610622245;3.434320260248003e-13;5.499180593720847e-13;4301758375.280744;5479015397.15873;12.526225516654797;-8.657267845283718;-1.748666084303907;-55.79907681382585;-209.5036158314776;-42.892133744128905;1001.1514805075794;1185.1825855225911
1227;1.1578962288200079;1.303787345787201;976.2027180424496;0.4409681475350149;2.600422616639582;7.72896216054391;1.2310850551695773;7.991418701441666e-13;4.191941771713404e-13;7952844880.831369;2298802329.9345665;11.294662422676396;8.790585254514376;-2.879396794739999;-170.2549193526779;-179.70376804211244;-9.088998757012662;2467.909787695162;1825.682914074586
1228;1.951965127944505;1.5831144913597748;4890.78028574192;0.5936521130496216;8.58997075893816;5.630422918015228;3.460722637051227;8.023310095960091e-13;8.506781713014871e-13;6801383693.018645;5490552133.593524;-3.6200739687911696;7.412495777514312;4.189059759128112;192.52035905385108;44.12662145359273;24.040298227262102;1845.5687534803158;1500.6186036851825
1229;1.3427711386539278;1.290728963176643;414.6196543945106;0.3734828032742916;1.5027412929163002;0.46782461195123154;2.4238439583062847;1.8209314698555173e-13;3.0330707478703747e-13;933981582.084755;2743743933.4451966;1.2690292182903349;-10.197085965605826;-1.2397513091915666;-178.0946349229648;-286.41396518200446;-55.009973391446294;1608.7879034001176;1419.054246526102
1230;1.2713975981007752;1.2177461178375808;3154.4181000223616;0.039743970975873344;5.7047420487222285;7.759311762049358;0.8553076386223338;1.8393806726185648e-14;2.3005550634064864e-13;1208919516.016097;1419474090.800577;13.835979887547566;-5.408442363348449;-4.004195822816089;-258.1592445770526;-100.39859477205538;-38.201134675125225;1052.989770211936;2270.216781839208
1231;2.001498636386313;1.5718602318202841;1996.4369200841243;0.7975934852250174;4.743902888251696;1.3550997905583129;7.603589950639251;9.935412406924789e-13;8.892617676672005e-13;3713030928.804104;8320973383.135505;12.406791084669312;8.256443500030134;3.83370950922915;129.5244534445434;-240.4038709007265;-2.5107572722724156;1582.2486223907067;1751.4775721591623
1232;1.4483572764925687;1.4186020574456708;2494.3902875929753;0.2472887217982911;5.1135593285068;3.9107638249181855;2.451515902552329;2.744528453785662e-13;8.860327416522882e-13;3315237465.969546;4716200077.281336;-1.5001703009548386;-14.24134438298132;3.785586415798596;221.3147469254757;-46.45255203856493;-18.351143696236747;1657.9286256120854;1390.2448074217027
1233;1.2244777412575072;1.2840051675523942;3369.191591539843;0.21028150944422852;5.976230933759506;7.858417542565543;6.269670295742003;6.666512442079375e-13;7.049917714759807e-13;7324312666.8862;6727664937.85642;-13.59458546121812;-5.522675898212819;-4.673973137057513;-203.3810901623114;148.8382742336457;-11.364030976458938;1462.3438896896696;1708.0546290425796
1234;1.3535449213130042;1.6627191162257802;1553.0651324510309;0.854630416115514;3.792184120656695;3.500608179490407;7.2494779356386925;1.8684592674853355e-13;8.752203104170604e-13;2587995681.1940613;8060501037.213455;11.198880466611804;-2.9029904402704627;-1.1600169276496555;286.02112498801375;-48.07228188311646;-7.741136158289605;3196.128237703343;1866.691369684972
1235;1.5259825029503824;1.9388205480797556;3212.795021869523;0.10350951226178096;6.447945827997788;3.0364083275294047;1.4765027950165333;7.666743458020478e-15;3.293998641951131e-13;488242443.96926546;2231664078.3192315;-13.574202735843278;1.199945675565509;3.576450673292973;211.05437812265953;150.80571387005756;-18.542705857294834;1326.2467802644665;2379.505752062071
1236;1.3150949575007949;1.486018935037089;4317.532422668548;0.30313796811814486;7.3148795261839235;9.148216159627244;5.793656782828854;3.4975386433330157e-15;3.818895853067493e-13;572399766.637972;4759871929.656349;-0.564504329634568;2.890139867293332;-4.701325649855534;-101.73548547770682;-191.02161955942861;18.22369619458527;6247.600753496097;1253.004475152651
1237;1.2065006968189387;1.3164843898054943;564.2868138321483;0.2703611093747137;1.8193294347238458;6.896229281373816;6.734676758747222;8.215297028780795e-13;4.477348889051184e-13;7616710684.492546;5556723984.866371;7.674662927875566;8.755092909626391;3.673143155845123;82.90823166893472;306.8053281308425;25.590897346697425;1455.7452409373116;1004.4967844396509
1238;1.8114442273976974;1.5040244115295078;3816.3366014603516;0.06393381740527604;7.12665836178359;8.444028747398505;8.394391888871478;1.861344445242769e-13;3.7656637411119035e-13;4011790112.723625;5689385567.577378;8.169327785200956;-14.362276059410116;-1.9623698239968643;-191.55409830765365;108.91219214794855;-10.054862977042026;1448.758429171309;2165.9994138494308
1239;1.970719612355975;1.2855822588430934;289.91039468829797;0.4833727370345986;1.27064411096544;0.37537287879114956;5.448042187367654;1.7440614339260194e-13;3.7580776031103076e-13;818770738.3090975;4578814834.970943;-7.613492028110869;-7.923199632172083;-0.1134131882045466;-123.97850475159679;-183.004959862254;28.68233865817867;3944.524303799641;1555.989610512418
1240;1.3294245280822055;1.3620124451854345;452.16726851623775;0.6072166258803222;1.603740152264993;7.902921870587496;7.132912478284658;2.7932957205684204e-13;2.327375038721741e-13;4754471851.771235;4123031112.455358;0.34379434160027245;-7.481877493426513;4.1218816939747;61.70616301278211;-176.25730182207505;-26.65739253514429;5378.835783384359;2644.984107800222
1241;1.293003382649581;1.358507077100706;464.76094465510903;0.6209163528335245;1.6252644987124443;7.017330428239638;0.43616128339303617;6.983214600652817e-13;3.113723767149778e-13;7083756693.12452;1179270881.7389336;13.822286589149936;0.9439265150463907;3.7409585947189576;-142.27482915523217;188.7652293291504;27.21525207633329;1941.2313876243145;1294.2827960004568
1242;1.8678524189077286;1.269604999474073;1518.9678067477394;0.5138644369605004;3.7858625583596917;5.568738460905568;2.5386598559271323;4.44016165114534e-13;4.604879244231786e-13;5031851084.282595;3459882571.506245;-10.74212576110072;-12.476967646888095;2.7968380198286606;-3.6323987014505974;288.81821435816516;-6.784097322923688;1275.5071799404295;2905.3539729158665
1243;1.6936579429531788;1.7804764202010481;4234.919861693232;0.5259130240235805;7.758638519084746;1.1658753864324698;4.008912815319058;8.052971522733906e-13;4.752558320690265e-13;3100659858.2980685;4416996056.636593;-13.060566345322473;0.8099534351971744;-2.9645812559446516;-8.01116058165249;185.67430034595097;-14.94439782025692;1009.0234247989787;1180.143042052325
1244;1.6097467713109805;1.5487339529203836;3589.9449819514243;0.1438347945821158;6.732212084394061;0.02066048751753014;2.10984208833306;8.796928805615603e-13;8.902555957315418e-13;431405621.0664936;4385633243.50588;-0.7888679034098907;6.11459919994833;0.1527153360718625;-168.4791214409156;-168.71559552393992;-26.335542924152005;2282.9982384957557;1551.258520023947
1245;1.4420194793441234;1.2452436158486277;1793.969224848207;0.7969725224117167;4.0171671743026165;8.302623694306616;4.947886891432971;5.056630318725317e-13;3.1673801460262343e-13;6556744456.385379;4005990867.890396;0.7750372686822811;6.111583547413421;1.4362726175486316;196.21635794091736;-247.90113654859476;25.84292526803191;2706.2473968446548;1448.7758249316798
1246;1.8372569804767807;2.0401883023996144;3278.5585215066244;0.2613742217031373;6.785424715082903;1.297408280398895;6.441754765151555;1.7516259583106504e-13;2.5666839722119373e-14;1525488708.2549188;1301182672.7113144;10.123539923795406;-0.21956126734007952;3.767421333309173;-131.09343174431115;92.1422786073968;33.3007403832265;5038.576285548287;1868.806858704451
1247;1.2834285186432697;2.23765798529831;4247.154936599655;0.3775943674877298;7.808437732447683;3.637665456204049;6.034991404102466;4.4757130819258937e-13;2.4909477662005834e-14;4083123117.7717924;1240710954.1572886;-10.271061868888545;11.892094429917844;-3.2469251310816807;-261.6496688079145;228.34659954841658;-2.080121056956748;1235.9847439196192;2256.3644393385057
1248;1.155472121991288;1.1967116095985424;902.0731735088583;0.5902758408729806;2.4299170182384424;6.121486183820207;4.240834815314529;2.8573197779300307e-13;8.081956986853036e-13;4232118687.8909035;5924257458.559526;-0.9211940351245023;7.677766654417745;-4.306865106441413;284.58276999300097;-171.51845713521612;30.12520280110303;1000.1461400143822;1950.7185706975458
1249;1.25178682264383;1.7126575410067058;4790.767870525413;0.45875295754836376;7.989587739881182;7.6642967109532325;3.9383003392483937;9.713579545621988e-13;6.620502872087484e-13;8731237134.645206;5167135898.74588;0.12079376117673135;-14.392921485406031;4.407876488056493;185.72911521795328;114.20653826307793;-17.558446021540092;5707.3611885095925;3418.871209560296
1250;1.3156255964397388;1.9486276421654172;4072.74473788413;0.32170149910290713;7.403878086454477;6.509684356793071;0.7461799639937884;3.495485411498528e-13;6.938151235591563e-13;4827071043.965842;2302468255.0899467;-9.43345258985552;-0.25383455482316997;2.6156230738805206;184.10963582345133;12.703487558287975;13.09996413140269;2526.6350981939695;1042.2504173836646
1251;1.561249672203492;1.4942744810180226;4696.058899538188;0.4879214895174968;7.963869121042598;0.40202735139319445;7.069901836020137;7.771454049654647e-13;2.7324454921863527e-13;1788664635.4668982;4447668638.2510605;10.735875920711898;10.478851814636599;4.553707974853772;264.8309685139426;181.51827677474154;1.5925964408867097;1146.3655551996198;1174.8902099005809
1252;2.2687242027419043;1.2899739708260607;4436.552205173822;0.06933266246495184;8.067406974513329;9.45114097419486;0.4830033446938771;5.10443216548427e-13;1.8254114004791843e-13;7028551271.844543;950178997.5361229;-12.88660241362898;-13.745193593260444;-3.6504753045299543;260.76611550529555;-77.03312696255217;-9.22055150423262;4147.955950997398;3509.3028005705996
1253;1.3782497601247492;1.526368024523963;87.60035294469708;0.6878435929793397;0.5507739843449503;1.809904921383599;1.98991780361118;7.467202068118615e-13;9.038048119594522e-13;3720118814.0411534;4291458051.966663;0.49722628733823626;-14.522828303886646;0.17712721935258635;-215.60580136028597;-235.44813805952185;5.307840160719949;5849.7742691700005;1207.7157785513325
1254;1.388436529263043;1.2977222999903275;2188.411680863657;0.18698904316319487;4.585673142435947;7.537470899185038;2.044008235110543;7.281588469725396e-13;5.356179964883074e-13;7496799014.177052;3348257723.043736;8.09028992681814;-13.73787688420666;-0.3259255777369692;-212.47478597367976;174.76133168688787;-43.42602653420866;2122.8665913218674;1467.5828497915115
1255;2.1973123982579352;1.34659610614677;4607.069650251476;0.05758812519933876;8.26134075596872;2.108511006882912;9.102657597813412;9.6239804272576e-13;2.3691081512111686e-13;4558429895.12397;4699228089.821558;-9.29719786097527;-1.8872446128376037;2.9735094393170485;-263.2995600975007;-214.52023608482082;-0.09152398616021684;1972.195143014742;2214.2008705246485
1256;1.6111320261868896;1.334100803736835;2587.6989840888205;0.9167713102924834;5.287563119655626;6.0653325370956725;1.0216562900751236;8.051796376114376e-13;5.192621702408155e-13;7071697553.142833;2330750182.929906;-13.391745659724393;6.790351222652003;-3.5671611233764713;-63.9107941149765;51.14847622131583;24.832399921434597;1813.7246288055735;1998.3772202099287
1257;1.434921925532211;1.2733191229445673;74.33284123313616;0.4900935887366622;0.4822691087410388;3.2199445755161684;1.956450375012178;3.3826220207944827e-13;5.406557790158126e-13;3339649675.8079023;3291128363.4136477;5.63287452164062;4.0752496372468485;0.6323065687605371;-101.84556668279883;122.86374592451597;9.806112898434463;2778.5320866885354;1295.701102795839
1258;1.3847944703837045;2.038356938430917;4500.622533784755;0.0961332536638494;8.040140043495692;0.7705585965558331;1.5542334510051454;6.496413549752404e-13;5.572228957060743e-13;2264068930.691942;2977985512.578038;4.177790226628314;-1.406641106389344;1.6120560859197823;290.4676653400084;119.67799165853016;-34.16970589305777;1017.9175262578586;2857.8155947017085
1259;1.8927098878943196;1.5509562156804422;258.18967058649986;0.4488609624258474;1.1983198989668873;3.4197368408261557;3.888941837699581;5.517929083627775e-13;8.573378337838714e-13;4395764113.471555;5843078176.90736;0.7438001838271902;-6.888705434368195;1.6811718710508252;-110.78260948400785;69.64139744010173;-2.0505935521381926;1188.607435582205;1339.769636373662
1260;1.5172467398389622;1.2677984316450697;2158.848937293503;0.502833212415606;4.599374441827103;4.79118571626816;1.3074262110762627;7.928643108655029e-13;7.544414953677e-13;6236930659.407219;3178127788.220161;-3.761476322907269;8.243066099505654;2.405256444736928;4.375655240907264;328.3598147102331;19.813616938489265;1942.9747440629956;2004.6946037500181
1261;2.003670760030155;1.6826035790360696;2416.550769785548;0.05301475961982427;5.444186786046211;2.668559039979394;7.722574377156431;4.3409601020726013e-13;9.675605394736418e-14;3444143859.1205125;2766114174.798012;9.949078106439245;-10.665478607389351;3.477064939307505;213.38327345132075;-84.30532949139067;8.283192614973574;1511.0153947871752;1008.1384680360082
1262;1.5321060443268137;1.3046451085913462;4818.629504277833;0.6427490198480978;7.9036788862784855;9.049354005347869;4.288161335973268;8.625848612251246e-13;7.761254444161632e-13;8940456267.625908;5837830718.300344;-6.660515496799636;-14.473448076157679;1.2205074522634654;139.1237740563189;91.85004571823552;13.574591856458595;1694.1892503223883;2117.4720027144126
1263;1.277790877680608;1.4392205919571943;2672.1961746899146;0.6578256745662797;5.258750498014667;6.236635929366949;1.9526600785692558;6.400929752518952e-13;3.099209399695272e-13;6393618296.343279;2489366049.6579094;-12.581807822552161;-6.462349401289023;1.1772654456375875;-301.9527396129728;-176.0645005021823;18.336623224656368;5170.327030734774;1682.6943391847838
1264;1.2961670233138867;1.3160341321274769;2079.2683366948263;0.8223125552932867;4.390854870631373;7.327677114882349;0.9901535891779844;8.810317113298074e-13;3.3798761486720976e-13;8130718228.055497;1851192808.8599453;-9.083385125424531;6.211545556634793;-2.5895302354026137;-294.4642311956875;206.35439782470178;-26.012273814040896;1141.7053007854277;1521.1543594348582
1265;2.0165464663240487;1.2648315338367853;636.2367566637229;0.4988009386030918;2.15131715964973;3.996492032029325;0.08813609267897655;3.3160792268184476e-14;2.402530337248479e-13;1164935561.6745193;465651831.0315247;10.455483779481828;6.7567606012148005;0.5390715242939379;235.06266371122243;-153.94220831690905;15.321336626076077;2798.505486835129;1008.2695796665356
1266;1.3666033170665106;1.7341787236733424;2915.213328971147;0.7655730175135106;5.823854160154033;9.38695106511791;8.867751220846227;7.367871847824527e-13;1.8482881892916546e-13;8415565159.235525;4096769908.5250487;12.167386652476342;-0.7477702826127945;-3.395892522189534;180.4561029488593;336.48805632724327;-9.626076989280845;1030.689211786106;1004.2813100147758
1267;1.5164397316655718;1.3520717200091483;3317.680567965031;0.2550323358122748;6.185598955078671;9.830754072498086;2.219304324069063;9.924071345835677e-13;5.643859413969319e-13;9995127378.57841;3581347818.9509377;6.075703770594519;-10.542056411736084;4.153698927411778;-175.24311788267636;-4.3997361134057655;-10.260727967015338;1525.6649687535835;1228.100218682654
1268;1.286083214189786;1.5707735093010458;4147.526464361428;0.7436175443379169;7.168508110007221;1.5615452753829306;9.117215646858641;5.248401154372392e-13;1.738487329611632e-13;2896948534.328271;4028717887.442888;11.362748338992233;-12.749823598292128;1.7502675994305452;-164.78163323479944;233.9708612260855;-38.596185101073914;8144.420255268425;1219.6160046231753
1269;1.3924968382706364;1.421237337287352;2772.135815888857;0.3882323040739888;5.452268164978887;3.270686294041804;5.528437202930169;1.8297841554391044e-13;3.2032365217582053e-13;2475536620.057867;4258392344.9622207;3.1601947629777847;6.2205431336619235;-0.40900232475830123;-115.69572151040234;-65.44891285385802;-3.4113572869883813;2159.813950157227;1253.3239886128467
1270;2.1904892388150183;1.702265888046903;4003.398963594947;0.7011567800832714;7.762080223312743;1.7909151093207882;9.12233561191357;8.634188145079957e-14;5.273643372389347e-13;1258340667.620654;7018727478.272029;-12.95138540657949;1.0639212576429316;2.5292773713470496;11.614544344747003;117.69548132833683;34.35466156180854;2616.624251534829;1873.8366192734607
1271;1.140669324621438;1.3394978961942257;889.2596542352355;0.8751671893163957;2.4497356963896513;0.2838626451139919;7.399130944180178;2.310040647542429e-13;3.6395854588026797e-13;819433871.9488024;5251293541.36943;5.166370445379528;13.886592201834045;-2.96751535751429;-265.9649769749928;426.97137390880187;20.98226581130918;1532.8259581588104;2346.6382083746753
1272;1.3714707905701626;1.4555134932807579;3303.4452540875745;0.6720559564275314;6.1379836075031005;3.519538166943161;0.08079904776229213;2.7164773767354517e-13;3.01046870848044e-13;3128930121.6913514;499079990.6653427;-0.12344439818255637;10.305773981262014;-0.19360993400692905;199.32803423564056;-195.32399038550943;0.6709162891621779;2702.3736968320113;2792.053716904275
1273;1.7909151107207926;1.585471952216278;4170.0015455971115;0.08237182424764544;7.606439291143159;6.689589558372377;3.5663511097069267;4.4705809687720823e-13;3.586691847450544e-14;5533904969.458848;1144482245.783656;-2.4300113709581;-0.23373936443080723;2.710284514258955;68.97591355814492;-122.16023149778323;3.9330636419353437;1047.253772299219;2156.1057410638755
1274;2.1191528533430404;1.286416356316134;2087.2184942568733;0.9435213036128473;4.80892898027177;1.5669776395818558;8.179731503144795;4.872781327221206e-13;4.743812762126015e-13;2796210351.08296;6303521987.593259;7.604804641635308;-6.114463635266029;-0.6746009782852713;221.39785710438375;199.4766835070625;29.014326052759525;1540.4052430259621;3754.6461303213905
1275;1.9124459147970554;1.249995088344903;206.78154205176148;0.866084728598656;1.004512103906296;3.101121165327272;9.094750743993949;1.527586102576641e-13;4.349171631645536e-13;2202481124.7385674;6364270822.258399;-3.566740942110094;-7.630662522147256;-3.838890444453844;11.500213435913764;-360.6887454833512;-16.121825643971334;1514.3821300524055;9775.577637827988
1276;1.2336505559311461;1.953500405002678;3349.8279664837414;0.09826911040403197;6.4479609372446784;1.386227305046033;8.881112163072576;8.530677939855084e-13;2.2054537445793675e-13;3479837596.693228;4478500557.765248;13.023428682918425;11.63058476020533;-3.9599782108074;-320.91695628358843;175.55549529853087;-13.95941610910484;1658.040837083502;2284.5017698953375
1277;1.2799111612347893;1.4641285299440725;4704.428964479438;0.5427041860895966;7.692625497158484;1.719461855567456;8.24174284984404;7.918010298400189e-13;2.861029354561771e-13;3733827778.6223025;4913836084.321604;5.283957243128729;-12.510710469950965;-0.8788510556726941;-58.752788991125186;322.3354712072101;-44.07560536365302;1172.801033389472;1016.5818425020748
1278;1.334898647847533;1.4658394225173677;682.1605747644296;0.19731933508955402;2.1377410282945966;0.5808207077220654;8.090161792856279;7.167024450302822e-13;8.37597001631798e-13;2064621602.7664492;8330021816.695593;3.294633288588429;-8.153105563341263;4.133782426281986;-114.59118433705822;187.3709237498701;6.793942512688782;1020.9374835223861;1883.7414522816334
1279;1.4089942896743723;1.448488492629628;628.7452943301735;0.7346023150041082;2.038219205483626;6.711234355351302;5.939810104262192;8.921659445167186e-14;3.0362620272984003e-13;2476133189.312604;4297401022.221347;-11.818887359632583;-1.6376038181192136;-1.4962130902523372;-176.2572007838966;-244.20545671286294;0.924864426629874;5815.556653603303;1010.4174264339159
1280;1.382452552129718;1.3201348542241478;3902.4741284439547;0.5215073623847531;6.757091318280594;8.54252512018445;8.50602785973907;9.244221776709644e-13;7.084217312953511e-13;8992455319.09704;7855237426.348786;3.97158000001653;2.498831581595912;1.7096141373697815;-305.7634901166357;183.64868593530255;8.750685843696697;1191.3202638110822;3240.1488787815524
1281;1.1725248114850724;1.4029049595172864;2385.135003543708;0.5105240445528976;4.7888554863888055;7.446452654602388;2.9005233113336355;6.262077073082315e-13;8.910779877333376e-13;6910093103.196139;5144533696.1206665;14.711679218490879;-2.120625574639842;-2.6386053092115445;56.227298420842914;91.52138224164418;0.3246612013385387;3132.7440741356163;1520.185065543423
1282;1.6211223480759238;1.331043269067349;2686.4994665108206;0.7615271247278468;5.425560308767262;3.0673053310355733;0.7284407450194297;2.2340894933033772e-13;4.5735018684553706e-14;2648980529.0956163;584078908.2827005;1.3474776267370672;-3.7716036257771037;-4.062387602961158;346.2045150508559;-244.41464644626998;-36.67081236610386;1036.4763208763952;1003.1111706410969
1283;1.3176328176915726;1.2586780400116244;3432.0770806241653;0.9183785820890481;6.104413726491998;5.37866811319692;3.374445453225823;4.777009906468816e-13;3.140041566574213e-13;5129386481.929199;3293964262.5506487;-11.826730205803416;9.795887424809418;-3.415686245574686;65.33981807634039;-325.6932302993994;-20.690339312407193;1241.3112010747539;1529.7135482484434
1284;1.918321579604346;2.16367050840887;762.650830659863;0.5092569269524887;2.610844872002607;6.202075138711698;6.62813850917771;1.3337405569079603e-13;8.820123092936294e-13;2910409965.8086185;7737186922.17334;4.415964379342533;-2.104570502681991;2.5303289111982705;-274.90959904789327;-164.61819607223592;31.699371662116924;1120.6517977603542;1047.659598090522
1285;1.3081580349992372;1.6230438825190698;4055.2176504603226;0.5027179344596522;7.122479500615927;1.6985641490360044;3.1090882035734584;8.98187149507935e-14;2.4144907517668764e-13;1249897425.8193016;2772549272.2565894;-9.616325653335698;-12.360396437527317;-1.054687974577777;-213.93571117877448;142.84737251492433;16.08594628653111;2532.660419893699;1908.5638061606724
1286;1.4113522217084649;1.3222522559982126;1031.9414783761326;0.03431295297082737;2.794399245435312;2.4693192056786297;1.314525093699518;1.03643957162263e-13;9.702400556315574e-13;1618864831.629462;3613882424.2648807;-6.3888603788797;-5.680810240791777;-2.929304951732764;-166.36152886810936;138.99750668945217;42.62761635825889;2721.9449695636904;4380.565589424066
1287;2.16713378060894;1.4228384424890446;2876.5704472331086;0.9143994135318012;6.061129400145087;5.894074213625314;2.3412869240425493;2.276824456308515e-14;4.936429538932227e-13;1172256237.026897;3440200616.4324837;-14.056181686214734;4.03123389219569;-3.0999838807195856;-155.87727451261188;-165.89718227979185;21.683133719942656;4288.612961816711;1068.0108398538946
1288;1.4293741533604336;1.2772180153367387;1660.6631889577;0.11430287104687153;3.8247392256479733;1.2001571443200134;9.762512903316425;6.266327787635595e-13;7.121025722036471e-13;2775080527.929496;8437272309.706422;-9.282448850319525;8.430701323157248;-0.2737268019180661;-288.6620079528591;44.690203024029216;-29.666552181346987;3560.701978365124;1039.8739178197798
1289;1.7468481525937536;1.2977342944749224;2414.1032526488757;0.7828813549023571;5.104497445309094;6.177455879993396;4.724931964351572;6.824866925799693e-13;1.4781026422566693e-13;6570552630.080415;2674237993.727342;9.090552708591801;-12.656924862844477;-4.184455626677341;-228.74338139393618;293.67054321448126;-4.272255093252234;1127.2300527803484;8238.492236857095
1290;1.367455767060744;1.4223355667228825;2617.141389992257;0.19341683282608946;5.232170418976771;5.182053460983989;3.14365757511776;3.6448302647505747e-13;1.4053649119864826e-13;4397841540.467949;2126973840.131541;12.713357419512036;4.642937778994476;-1.1402988751332597;110.52424157404148;214.09742382904437;-27.603104033116725;1386.6392935513907;6808.500331465815
1291;1.2430079180280502;1.2309795321895334;4341.4696734615845;0.21361706330722596;7.044175953200551;1.4669674830637538;6.998532057398598;9.15314552992086e-13;1.3885046490384737e-13;3708048498.1709337;3154475259.262335;-9.732330358995608;7.667681117924296;-0.5601898200965785;-199.15870840933246;346.8793104295695;12.203052558557863;4397.4782886896655;1419.807589314592
1292;1.5890280989681436;1.9713729782305889;3270.3110453078516;0.4791810367652941;6.584137101771901;7.15534490728687;9.454815387566361;4.971399513026965e-14;6.357425959640743e-13;1908554638.0475707;7845437382.291044;-9.396651271951747;-10.044742467273322;-1.0812633964222238;477.0997829739317;-262.16167884669454;22.16751448540567;1030.9622702929955;1952.8749791161304
1293;2.02968021424643;1.2319098986971904;1436.9348118603234;0.05934233568417513;3.695793424711808;5.313967094958828;1.720734150531606;8.528215625411301e-13;7.027374498451136e-13;6812217332.502022;3518871570.1163664;-1.810927154589157;12.97139299308332;-3.0137502464690114;-128.94925584143533;-196.46679058224115;-13.233712025719598;2080.926474229068;1207.8613730096185
1294;1.2266640086293494;1.5927775375863253;3854.4440742098805;0.08867678937657109;6.796761766774288;1.4173618101371568;1.764723576539837;4.970207602072425e-13;4.2998712958586366e-14;2685824346.8771315;881487281.4700145;5.877769342598807;-5.146241317904552;-3.522748536280832;-169.16535384428707;-149.48742756919563;-5.3399418037347575;1593.2155540742922;4508.779003082216
1295;2.3536234803986207;1.4810991224616503;4478.738272915422;0.14821849576183221;8.323160907595785;6.253823155070288;3.9117312870786245;6.154662676254492e-13;4.1852266894067805e-13;6278051933.789732;4094434974.0710564;13.038236689272917;9.487597662839594;3.643760295864551;-138.30112382925515;353.4365891102646;21.7596474068192;1718.578493861606;6281.825477945354
1296;2.100626394566512;2.2547299428372147;1448.920393052179;0.9587517858371134;4.0923939246746865;0.6065974564219989;8.86143064888642;8.759709264105519e-13;4.965318663164428e-13;2332626025.579131;6712363431.076352;-5.036013471305912;-14.393147964224013;-4.452333112382556;115.41799283348365;-76.80713687075816;3.1170265501747725;1386.2218582647276;1199.508639232542
1297;1.8740353196972015;1.3682841381365076;3386.455272933355;0.9136298531444346;6.53213793847899;2.5699314821739208;4.360487048755536;8.307920382242131e-13;7.108640658242697e-13;4675810625.882927;5633921083.678124;5.069664453143766;4.518617503232132;4.710842860833852;316.08539064265716;140.7617350264095;19.152642252998394;1743.1361867171727;1054.320968533785
1298;1.8646089877043333;1.4047667430479212;1995.4954724231643;0.45898469901820593;4.603929092810618;2.1374008820491395;4.85791389530631;7.951050124376538e-13;6.185952524700294e-13;4171624564.391762;5547255584.418067;-11.222310311046801;1.9819923720901187;-4.873079320525305;162.71180996484415;-141.21187717319702;-32.7609593002104;1699.2041335364079;2389.719227878077
1299;1.255200309067736;1.2744261599786428;4266.848026970748;0.6673142038495438;7.0150391497403035;7.725231009500606;6.808767737206137;9.409908069365176e-13;8.258203269933636e-13;8627766961.430174;7587994761.688564;-6.538226139707932;2.157574469036163;3.4045443172229923;293.04981477128206;-228.02369754975638;-15.644167982241589;1002.659460106048;1269.7713835470247
1300;1.862815743392678;1.5256610798121886;2217.4659324945137;0.16761427907822413;4.998572485903733;8.991589791818859;3.4607322008952526;9.132502794346626e-13;5.987201725874827e-14;9169868927.797716;1456618833.097198;-7.034766180276711;-7.027658988607708;4.2800700774888085;-82.23895707831203;-224.82060186760697;2.6998919232552345;1404.640643275449;1185.758309775221
1301;1.2302086145322202;1.3424827342869656;3318.7389552231843;0.1489002694849363;5.966474759045401;9.624592763682132;7.698164063157298;3.7979649596617363e-13;1.3487150864977889e-14;6118100918.838962;1031106838.8175367;0.6617315892455515;4.0131161543556;-4.253678149486484;-12.53506572608191;-221.51118070656136;-23.95592152350953;1139.2190927173453;9010.359689051651
1302;2.2976530104179678;1.734528755881566;1039.9344721160817;0.6068622537258748;3.1973526105263783;5.163250435433839;7.660527109339457;5.102829160172969e-13;8.156007769635856e-13;5194181102.002947;7998676282.3755665;-14.850886674830988;14.174285652951369;3.815558286798394;-136.22963292287716;-321.81032842461775;-25.110021136704695;2065.802681991325;1587.1134154043327
1303;1.4659416376458272;1.3807887787206783;1621.114987595613;0.5004727634188987;3.827640825677319;9.779181509207703;4.392706821606185;3.190385416316558e-14;8.565387023518e-14;1787404337.697001;1962861167.3802693;-2.566847741627674;-3.5758143862364573;-0.8094720697700888;-290.5148817506821;184.7576038314686;-3.536146137143862;2230.3580440620526;3289.7185964665955
1304;1.7940646636607436;1.8109482047866317;1527.1525698278767;0.32279256991987504;3.9795174027226152;3.5222197814678067;3.0221521501849704;2.634105285337751e-13;6.891877567504605e-14;3082299026.4257593;1460417127.8121982;9.37279552759226;11.185552236592454;-1.1167295223035345;-130.68243527233776;-221.99163974680363;-43.60170010032222;1374.3193659152805;6114.69282154977
1305;1.532932658749782;1.4371487361306912;2862.239231354952;0.8119933781760758;5.671090624736651;7.9398639422911135;9.253007883794341;5.778065922257195e-13;7.768192823151975e-13;6854057677.525513;8579291871.821993;-10.702276888175284;0.011648827224240321;-3.299825604102945;-108.03050616292656;-272.3093157088351;16.61784866297933;2329.4615688175195;1755.3457617422912
1306;1.699171648245148;1.3210658400229112;794.8731270996044;0.15197176430016435;2.4274600507283295;9.18877105308288;5.093788034230032;1.6655852566921098e-13;9.5591974532912e-13;3958786929.271301;7061242540.723474;10.942273570097026;-12.461851388337264;-2.156717858257211;60.99603702037986;-214.48594117893728;14.53964409887804;1104.8211663607217;1344.2830780996517
1307;1.3767692850977278;2.0603849088531696;2121.821509644876;0.03041470375650046;4.876917630139909;3.9613105297460796;6.762498755317547;4.2839500348952196e-13;3.3219257261060776e-13;4168613406.7946143;4796213822.815126;-4.301599500100595;14.825006552166982;0.11060237650113613;192.33424842570673;-70.6864427933082;8.48067882412294;1013.236432974824;1563.4559323311573
1308;1.3989388390924822;1.297487458663717;4147.406777908527;0.3824672871695337;7.031594055968956;7.8523333625871565;3.523122480694633;4.1229122934249067e-13;4.741497823901907e-13;5757731264.547302;4135915211.5785418;9.425430879478409;2.416162595622094;3.9269019523417423;290.26958025079637;-109.97750308311348;-3.489902185519416;3180.656298909258;1420.0141531852987
1309;1.7205295975478465;1.9586149199414395;1600.01146322231;0.42015246863968647;4.133051931008748;4.119991346389616;3.3668386239918124;4.689070246971931e-13;4.233607208720292e-13;4447761586.71985;3820466621.185004;10.868110653502757;12.221580235228085;0.044808706180015534;-263.4291829565988;-327.63524859726994;-0.897592048038701;1479.848451196799;7169.145195972072
1310;1.775740883673742;1.3316395493926683;990.2555527516415;0.5379688054620201;2.8372842682616826;6.746896954986297;1.7296186766119792;9.205827566951137e-13;1.1338473718241405e-13;7975050373.452304;1417106402.819516;0.9292531193700206;5.129145604483167;4.062517316115986;-43.34023094988078;-123.09414264720763;-7.084575118912184;1759.720344970187;1112.5611763207985
1311;1.3424992984583928;1.2681763005395117;4110.541817423358;0.21323422874119569;6.914968414966928;6.645604695030503;7.0654068155954155;9.915083372042409e-13;4.960293218389539e-13;8214202700.169788;5990626449.784917;6.739730649741663;13.934548003437488;3.3290125092691216;-242.72318073189794;-126.81863219393045;20.59361954494645;1390.6708654034082;1241.6609638082532
1312;1.2808135330492676;1.371320119400824;884.7814822335451;0.5745926650201255;2.496676856116367;2.90898232469445;9.973248100201314;7.661652575261207e-13;9.830960975489424e-13;4777291555.41608;10019966645.696981;-7.96049241373515;13.777386642147732;3.3134284706568984;-34.22112066554422;-214.66909767402873;3.4514731570277855;1592.1163174721985;3008.244677785275
1313;1.6533699663577375;1.2792547636590055;4072.3506917488303;0.5635935432540614;7.143682234415221;0.8362352290248737;7.826132805242344;7.728124821574438e-13;2.438529216763367e-13;2572475647.2364445;4420664608.839964;-0.8690981815620145;7.786086420560476;4.672652043668219;7.311020989467664;163.26088034252405;-16.66647307205036;2490.6250795822266;1202.4610386591232
1314;1.4429488053492932;1.3307899486779948;1054.0182238507045;0.32301323162205475;2.847915602842051;3.684454619041999;8.667895846205704;2.569468691188895e-13;4.819358281016625e-13;3113567241.387338;6540356589.698356;-11.293867267931013;13.1504619944198;2.2851210695831945;-313.4314503172474;-5.028258512291245;-17.571512953619987;1307.5437526144399;2696.5704017863723
1315;1.2721982339705709;1.29962595780259;1293.5109142314561;0.6162483193190466;3.1832225863626857;5.7254769998832975;5.147621356955523;6.419185716553775e-13;5.228063481161344e-13;6134734695.354202;5249569641.474705;8.474349684537419;5.799669028004516;-1.1286066742106549;-92.99612724426318;-175.88374425495843;13.482111154538153;1320.965958581423;2602.9848863751613
1316;1.3032917788226939;2.2822481140810913;720.7826099970289;0.8592880042692151;2.4080245110835743;9.367547730003256;7.474246177326573;4.177696570814098e-13;7.977724390800991e-14;6330403348.702019;2471002538.575594;2.742731412099978;-5.860632783958986;0.910454312328449;83.4829039484962;224.465112429467;7.154154862967536;1178.9936921414023;1812.282882889413
1317;1.868673980898273;1.4461764684288627;1716.2462289933833;0.8788846826356047;4.182932863863377;1.144967272874041;3.0807497379771958;9.869003742130247e-13;1.2350887502821484e-14;3401599443.177463;624205040.6766801;2.4135991908124588;-13.307472942382168;2.007668652341046;-308.03660859156446;-88.66564601494728;-7.669967204881588;4613.051506314318;3116.908372939171
1318;1.943424496739394;2.35048016008946;4421.220531735125;0.7838896814660798;8.568775568784751;0.88562157380908;0.06956283771127207;1.1545400197949005e-13;9.092609389881606e-13;1023242494.4952581;804790591.6652918;6.576290295969457;-12.9784790157347;-1.539660014914046;225.70752725939005;-155.63248546346617;-5.51988618290584;1453.3959101960083;1062.0430293975517
1319;2.0568216379597235;2.16301489815857;2703.1324996576523;0.4159488906285711;6.1369127517312165;4.717074306984268;1.0879044127078201;4.2837004073575536e-13;3.3445519368351356e-13;4548789940.796684;1930253371.4691844;2.0917324271198936;10.26711907019953;4.083399531822575;259.4225550950058;-149.3599790323349;-25.15589592530662;5575.933742386039;1222.0744944900805
1320;1.5764845938350485;1.337478235763579;4049.993345710235;0.6910193149007221;7.1023825268545195;2.641873973636027;3.9509323873656035;6.016536451676097e-13;2.5143469418823044e-13;4034403228.3139853;3189424888.6177917;1.5534807572429763;12.002222308734058;4.035707024303955;-110.67708798585168;-338.5801986392743;-8.525661553271501;1908.145468991551;2526.5318429289646
1321;1.7168489475357225;1.2031445915673227;922.7409784215448;0.30538680614454217;2.651268339410087;1.7559345766227388;1.7212668137746487;8.391554433687104e-13;5.233120996658106e-13;3884412577.9433346;3037067639.041197;1.6593613961304392;-6.9327081982146606;4.940807040631336;333.1905639510786;307.4371337733786;-4.171460520769581;1996.8620980462806;1805.115727782537
1322;1.208188790327243;1.222615151272627;656.6730558041875;0.14899663719706935;1.988028589084868;3.053845976424126;7.6442808936229625;4.029568583568084e-13;6.179729836068879e-13;3549791285.2715955;6955094599.697391;1.505447532430427;-3.230803510056875;2.522511621522984;220.67819163516162;272.3721297933423;36.51690837094402;3929.923565004289;1183.2729407652766
1323;2.2885374653291892;1.3410640545540635;4472.639020741636;0.039586432162836305;8.164609135265415;7.175789560618165;5.130461018039157;4.0516392973286867e-13;2.610504574560786e-13;5456324773.738949;3703312863.392687;-2.719395928556205;-2.0708563934689046;-2.79482853372531;-130.52188119560316;119.9757243912533;-4.90683986801139;2056.9499440294517;2700.708197950476
1324;1.4953234003508928;1.372333891110111;3043.153804585536;0.629973139769738;5.838906688132546;2.845819103656268;9.44641288815131;1.0996073009575165e-13;8.013864957540827e-13;1790079960.982426;8804494981.09173;-4.519142563899871;-1.727861436693578;2.402112260523924;205.90472894326606;-242.33608793290355;15.19836767223999;1096.4332512305068;1004.1648018066956
1325;1.446964012692143;1.8883138065022778;4575.15541415802;0.7656172837572188;8.058503945124407;1.5616255852569108;5.958336536838385;6.453693393555793e-14;2.0879266337454434e-13;1015880445.1374655;3569193636.8369617;6.16311547209801;-4.200409708926776;0.4422761078217752;173.23193191496304;290.65795415029766;3.4991343830741783;1279.9754528562664;1474.473043117526
1326;1.6109715104956823;1.3718287554746411;2796.46888940604;0.5413869509286412;5.591837850258273;9.99073887960296;2.5737035589870696;5.707066682616262e-13;2.4206122403788316e-13;7641088960.767896;2525758669.806448;-0.10789964596236246;-0.30315340826081716;-1.4019731110714773;-194.4536022271937;-105.08508401860571;7.332777130585574;1882.4089631338825;2212.499598690572
1327;1.4810508058010419;1.3839594046730659;3533.8080659630978;0.11017126103914243;6.44877483510909;8.82885436578226;7.161613149430609;7.463301411830446e-13;3.4350425246099316e-13;8214244876.010202;5019049353.235551;2.270298834631511;11.659262869755011;-2.5781558307983445;164.1358332278623;201.37266282642855;-11.223564960967225;4896.677488913976;1698.9949527509223
1328;1.684969874811898;1.7918103141719732;2705.3911771460935;0.3036409967590429;5.756417806754853;3.2264377675650624;7.04517321996032;1.1406613597645228e-14;7.612015870172375e-13;613889195.2570829;7410468382.434016;-2.8014832297914936;14.60058224503208;-0.8673686464303163;-135.7820991930624;-7.877587067543686;-26.15955106048887;1941.3499008515416;1160.3973128338037
1329;1.4012977656150924;1.3151318124412994;800.9234814131194;0.1812841409846161;2.355049382193751;3.573294493803637;6.8703313411072795;5.879216732405629e-14;7.453266955042726e-13;1466709546.0400481;7241226931.96299;14.024667099115359;-14.393612284559135;0.20562246989895527;185.6961777619391;-182.33759630272831;-42.02847539459517;1803.9357510362202;1501.7028439331264
1330;1.29920940631293;1.2510341893862988;3966.6288879614517;0.2652152924224991;6.7001025879834835;7.118663813728893;5.530073837858812;1.6663948462471405e-13;3.9395893586811215e-15;3485284034.903981;472324986.90429074;-10.29413034004061;8.038102999872255;-0.6394963090478303;124.49975901942389;213.9745929145794;-23.289585893753163;1699.5272819630945;3226.271535107321
1331;1.423659022409333;2.22336995958534;1739.1245454356422;0.8555272161597764;4.356523337605363;5.333633566652975;7.984504978493151;5.67109211888548e-13;7.972270007570577e-13;5565381203.449193;8073558117.392049;-8.804571263531425;-14.919026415700895;-0.8712175049201409;-249.37284928034137;-244.31420513051444;19.335652337874713;1439.0413583947152;1827.1132783811165
1332;1.2972256396261939;1.3099159187260503;1657.4461911269066;0.8050551543439666;3.772428463869062;4.2844755261401355;0.02063134875809326;9.224452349713067e-14;3.1555367962782496e-13;2011727290.2264087;258196536.93828887;11.85571127745516;-0.19761204813728028;0.8128358507430491;164.44143887677257;-240.41348968623942;4.3761156099423335;1329.7564047245687;1879.8126213325725
1333;1.4069136289741466;1.8446228875637813;3975.288722859099;0.6415384751412561;7.275818330185312;7.501850809354789;5.215516607589755;2.978731473448148e-13;3.355669181505156e-13;4783545034.145291;4233389363.8566346;-0.8487055701531929;-10.386837124071906;3.7375193148269172;-264.8236013323882;-4.633631640236757;22.60877686711058;1863.9381988457844;1781.8432829513092
1334;1.2988675663695175;1.6773828766106709;1000.974001651772;0.8251608248132914;2.8169439543867174;1.604576375153793;4.289236817048594;4.666329411370077e-13;2.4005046549564237e-14;2768967587.123729;1026812784.1154141;0.35939363792276424;12.487934242532226;-4.927479482819891;-234.16259558459365;-31.751494665341454;17.54983691518885;1042.330924830844;1212.258847714504
1335;1.4124108001514437;2.0315203322884674;470.1033932080731;0.15590990777443425;1.7868451883552803;7.184735521185491;8.470179820770307;2.3216821178382773e-13;5.165856465571031e-13;4132917626.6260433;6693718756.287553;12.540555673405006;-6.162178799134686;-3.9001008924802782;41.37980008022669;-259.5802016370328;21.689845868327545;7482.992226495043;1344.8287471781596
1336;1.8085679733849889;2.086689985221188;1013.7851331897199;0.44360808715369127;3.10753386549124;9.815503378308962;9.464536091979696;1.377787316525947e-13;5.899754991184866e-13;3721322921.407186;7561651056.816644;-4.454697386560838;13.09177269105718;-3.9129858772997492;-71.35575825568786;-25.73046490608712;2.5501036916897517;4885.275521938213;3121.7067815431124
1337;1.3557582873756597;1.3980728082265528;2698.461910402681;0.9811987608417635;5.3169569621478585;9.687173089089054;1.2487932439535727;6.161899885290749e-13;2.5746089316868843e-13;7818182917.04436;1814474563.4663005;-5.416627928390904;-8.084163005637553;0.10889696598026077;-56.974916032907714;-15.495084705750884;15.287794132749907;1503.7917057252419;1560.3892424817022
1338;1.3214948037223508;1.959355516029814;928.5962385744027;0.3413303026274661;2.767918315651922;0.40941766523434586;1.4182272731169654;8.223134835468531e-13;6.941823965643311e-13;1856743758.6297731;3175116705.100833;-11.987170484255234;7.3807872087477655;1.748825107887738;-204.95217231800916;-175.2437470287161;-9.557554080742445;1346.9330393380576;3492.1042522208286
1339;1.3999911418673185;1.7462477871594841;537.8856537348224;0.15912287385691126;1.896693071672846;7.895402322184698;3.918300825295024;7.638337074144517e-13;1.8473109419965048e-13;7858443238.668713;2722506137.427034;6.809675924712849;-14.617203640077669;-3.9049922502296672;253.47912881101837;-101.96497793851599;7.086596778458191;1706.3264934236909;2183.4183775559677
1340;1.43350362804496;1.386474615313745;42.446551682049964;0.04093998820472999;0.3364470404390708;3.898103185378737;4.510108790770308;9.161131080973504e-13;3.6091099407632784e-13;6047156279.638962;4082663095.822333;0.5806754755903416;-1.725124019048721;-1.3701008557781158;-106.85231338196441;-129.8531188209995;-12.546990313481292;5272.7506450334295;2242.301489806089
1341;1.3967738993356242;2.2313928913263354;1854.2957504355759;0.39573183762978037;4.53894513875951;0.4112025753692779;8.033517208069352;5.800911580647917e-13;6.703676787030889e-13;1562881369.8444095;7426075766.767428;-6.4760384829875655;3.294196930684212;1.8575514531387007;-119.8019596879318;-76.56669271779785;12.46091308496096;3540.8848562256712;1203.6346234634002
1342;1.2297644410813269;1.408103931775615;1576.14841866626;0.8651345910124894;3.6623144535636953;5.5324798612078165;1.5201456629108443;7.454269001365272e-13;6.85693935258058e-13;6498489621.842985;3267064697.322674;6.974813249510923;8.088511132160079;-1.5468857551223691;68.67135302840433;-172.10687800946818;-20.305317129006795;6220.698078703443;1229.3813747998856
1343;1.4685902798487822;1.9353674277672122;712.5468763024484;0.6316644473020578;2.3486061609862148;1.2425842073163917;7.729986224230507;5.663459253218931e-13;6.818094373500608e-13;2684440505.482221;7346336923.708791;-12.470242843215928;-0.23536135859686524;3.442904698987009;-161.21218925436386;21.464345370061608;29.90613938756131;8475.06843576523;1585.57070024846
1344;1.3887970254978632;1.682575897666633;4394.0504588124995;0.2474225056447228;7.63180726155271;4.443378601545142;5.103572734716919;8.082898543702539e-14;2.6500612764066175e-13;1917742097.0977674;3721474869.861717;-3.4835533247653885;-2.4589023429517614;-1.7751383812227397;-146.1679539957545;57.86171583419474;-14.831064444111329;4346.667061285105;2091.8108330887476
1345;2.0772865834574774;1.3407085982512543;3145.274373410804;0.04070772702250203;6.328527767310151;1.6003352240836386;6.811020668954627;1.4261175578867643e-13;9.266378574766963e-13;1528738221.3603525;8039167861.356946;3.562971242947903;8.016248497183309;2.636653859731557;-40.13437076245694;273.7298357613916;10.880498214603259;2226.0605219688287;2911.986203299521
1346;1.747762875228164;1.4238840089242921;3281.3289593780046;0.755938648723939;6.3494285565016755;8.83559444727408;0.682447626390783;5.717381836158396e-13;5.851159363551541e-13;7192277971.367275;2022113858.0586684;14.87865290952228;11.158110806945231;1.565367831607956;-8.057950855764744;452.56615872634694;22.236935107437507;4163.0236862114825;5107.553570220787
1347;1.5899717782616727;1.3893649035553501;3683.4356162166487;0.13664920039393647;6.716583737194916;0.8875488168821272;2.4039886374870454;1.3886389721610407e-13;1.8852377589592664e-13;1123416447.2098384;2154265609.235688;12.12572177213626;12.57807468037683;0.23797467916767623;-101.40118398276097;-38.884233845417384;-14.38143332216178;1352.9704589172193;1440.0684499444717
1348;1.8656534323366036;1.6749711101107883;2557.7113472173605;0.625078357037294;5.578714833713452;7.559804409355835;4.352005950794332;5.433916707351475e-13;7.204969041404301e-13;6485773032.101216;5666446309.542162;5.44771739189245;2.8395832742509413;4.932233545766069;-210.38532920024988;278.0874676175635;-30.45408164210546;1174.598917884115;1242.7814845196979
1349;1.3672506804200109;1.8756598290646833;4002.720348216402;0.85448179827055;7.302782020372985;9.106619164013003;1.5270915999548502;4.3886391731128916e-13;9.783805828522073e-13;6397252658.14595;3911437858.5166316;10.362432555477248;-5.364214281922404;4.445522350973498;223.94124329754166;299.6015008437296;17.321286957708534;4117.29625613802;1858.053261290053
1350;1.3236845854695163;1.9631156111517392;4621.4045150165575;0.8460744155586666;8.073222859060406;2.8444655745292144;1.0704553711865992;7.845309917118326e-13;5.959982028753119e-13;4780302408.45638;2555975792.0314674;10.655698413762412;7.621151223125857;1.1411162878832606;263.8088149684485;-197.9080418663695;-9.662600909709761;1330.098782808748;1018.1796248924509
1351;1.7783205113959086;1.3188903458338432;2265.4224472106284;0.7384867530670142;4.9207304333326904;6.141700876024241;7.373598994646656;9.338044926448957e-13;6.795581501376195e-13;7663414003.826773;7163133557.098108;7.705361543706431;-4.157159622482817;0.5920034146603506;169.71692187706716;-323.8645594909673;-31.942360966728984;1412.4595031729802;2104.4229271792533
1352;1.2528976779305945;1.630889164750494;115.81370061089454;0.16364301265909342;0.6618621232785811;3.0412984195679265;8.374051332797244;2.0126045248924516e-13;4.268075482678204e-13;2503564120.175308;6049699924.8410225;-7.418211408498829;-3.0337230147166565;-4.314096762162233;-302.1202088591742;-127.02339765588015;-4.766178813259541;3000.2368924151156;1228.6230539882868
1353;1.495743191497962;1.4120306453710714;2071.6224581042616;0.5438034889320721;4.539421031589634;5.71034180410377;3.5743264456059882;7.614965807550425e-13;3.368430919030565e-13;6672906036.33681;3511243175.1768403;-9.747800285539174;-13.872836968875378;-1.3767704811489345;-255.50601975943238;334.30739126699535;3.049546448996251;2582.716552439517;1821.752338417859
1354;2.122884338123528;1.8527394212885189;2908.925039715384;0.3242395304956782;6.31776250562355;8.88658041401929;6.781373499357075;4.945011612343447e-13;4.37420190143526e-14;6708122329.053162;1742842826.5267048;-1.842975349500076;-8.787621725085392;-3.112112849393347;205.65129134793798;-190.17210426859117;5.535645343976561;1019.9990812589504;1730.180674666663
1355;1.8218419023148835;1.4235508567877142;1263.492325814059;0.300820634105894;3.3864448725516216;7.788880767837657;3.767200384335662;7.188917665500496e-13;1.0834948130657437e-13;7572150915.525816;2044432411.70647;-13.056028253543122;-0.7021615152685694;-1.076959759705698;-111.76948274425166;-12.521216853618114;-6.374953130405808;1420.8370981775515;1348.8245294811138
1356;1.3959980341953055;1.7794076635349954;3791.6662220313747;0.44224767448013713;6.994548028362732;3.6276329207615494;6.600232319999375;7.479516825444854e-14;4.898916019147885e-13;1666857284.3105264;5754128904.948478;14.375638068310135;-12.518979762221257;3.7843687485076867;-237.91474418094526;231.36450906578744;-15.893002877944593;1261.6076641732939;4039.3025714043497
1357;1.8160685977445008;1.6558055217021135;3287.3204815037384;0.6449450688225274;6.551728177406787;8.131222534915848;8.851125308283684;7.101155390727427e-13;6.312970510861715e-13;7689399230.805391;7564253994.4502125;-5.4375996149946975;-14.805020721198876;2.435972624025876;-117.7588791865347;-74.48654617248214;7.347372747735642;2462.280070108141;4357.3866400078505
1358;1.4500467318897912;1.2989759563547159;1862.5785310655276;0.5511401314502679;4.150263652095276;6.357745278370096;9.86859337046309;7.330895432335364e-13;2.7305071219154437e-13;6908440996.408872;5252901562.840207;-3.058932349244772;14.090916757569431;4.749141477950005;-92.64297059615015;141.72041392388957;-35.01178266815347;2826.2495038780253;1250.6873704002967
1359;1.4748019084037485;1.3203630219035711;3810.936099608894;0.6696594034927275;6.726101876042386;6.717674772144434;2.7234734382867254;4.7085436252227034e-14;5.497425750685946e-13;1799710973.409143;3915536137.3903008;2.9149476085461217;4.618964605796208;3.7769933933899633;210.1327179792459;43.7884966037949;-1.4875497860769582;3447.1331999903277;1330.6533761263804
1360;1.4996046550823394;1.8639676111343941;880.1518317858033;0.2620790583698491;2.693054666968622;5.1482166155801;1.1163404244259114;3.5789740566817587e-13;3.2416106484411284e-13;4343678362.202626;1924991114.5963318;-5.831265805537994;9.99058592253565;4.198072828183362;43.659314506351876;257.3901902877163;17.49201236258119;3214.6678773830795;9239.909349407364
1361;1.8475837880764179;1.8208890343688362;3526.040793508169;0.9338987940011699;6.992403913723001;3.47758981423037;7.910003535648187;8.598859399436466e-13;1.8892511947683755e-13;5533623153.247322;3911858795.69722;1.4582596165191646;-5.362958284643959;0.17134530068291554;-273.2474905764898;-8.610824372734527;-8.07687628745991;1939.7029807050276;1085.2843860677851
1362;1.327057156870054;1.2307799901984597;3963.8773622620065;0.27409031134559536;6.703644161921513;9.086651836580124;7.118758799439932;3.358926582150115e-13;8.980940903139583e-13;5590519645.806758;8091201871.874804;-6.523590393489185;13.149185457033461;4.1606348480337;73.54267686396699;-260.07045675934194;-6.154246985421682;4828.898802447783;2964.731451646489
1363;1.8497397297281124;1.491253460706126;905.4792611251544;0.5403838875650484;2.7383190786365708;1.983562254946721;0.6579714963971937;7.286572896994655e-13;3.6851109606410326e-14;3847109547.386179;498286135.1190283;-10.205412239806423;6.279495294669346;-4.706218761009015;-302.5458237059486;-260.8150383034008;32.99088075619676;1076.4799056509528;1331.2339442195118
1364;1.399155211099974;1.2275880153097427;100.2287671257998;0.5151454379105567;0.582649416871451;8.563224772729226;8.010387666124286;9.986615724887352e-13;7.296283220748009e-13;9357887497.463762;7736198193.616174;-3.0313410994041217;-6.5750667198981585;-4.820393359082366;227.6201612896392;-196.0305460504496;-27.080760342358996;1591.6177519934668;1218.1763289800374
1365;1.3332403384295353;2.0666780619337883;4931.887389174149;0.20691980305461;8.52651281970041;6.4602575902612305;1.7454129655693476;3.23041281691888e-13;8.436359222393943e-14;4622787264.655558;1227938480.0315583;-1.1092548637306336;-12.70605101841475;-3.274911501011374;-240.9226899769401;-182.6028097122289;-7.900072168936629;1006.5959277676095;1523.4517133101795
1366;1.388589985576312;1.4001762934003728;3986.437524669473;0.46723437214071806;6.9257561747143574;8.110935969704318;6.211479545844613;2.977808166937329e-13;7.353448563074129e-13;4973175931.436717;6839006830.610593;13.710399862810185;-6.79698940461153;-2.2228307646270453;-25.4143716946582;-22.792310184165444;18.867922680701344;1894.151533634586;4633.976546881679
1367;1.823484197519152;1.6616427653439216;200.9843900948292;0.9950105985339538;1.0180933571835054;4.594020995874175;3.064084611628813;9.476026711407788e-13;3.901743647292589e-13;6676665278.845722;3498885424.2781734;-2.635609534096833;13.729894071522821;0.7530878041493336;-326.1128791927569;-189.8788855595617;22.071432516292646;2028.4298768591739;1259.2043228601676
1368;1.6324086035466976;1.3892290309150788;2991.7341125832545;0.7015954866741309;5.874478331368373;0.5723770154464299;6.068152144547685;4.4528038523349424e-13;5.76610033670105e-13;1615503315.1537228;5985760093.989862;-4.206852427580083;10.016185917272669;-4.409406737846164;-98.01978346135053;52.13172374192827;32.25727493860649;1841.921523282477;3358.3178419441647
1369;1.2815764815292667;2.023543618844993;4183.7328502877;0.21249158291427128;7.56911137153851;6.019117325668732;0.7866204921334191;4.770855001084148e-14;3.6488416070474144e-13;1714804013.850143;1714391923.2743118;-2.0297042689122407;2.694898662676895;3.665055082432655;255.0149756505089;-178.12227448687102;25.782891859311924;1290.730329334324;2781.007444474202
1370;1.9645771006197432;2.1117312848894163;4603.28618317991;0.8901672204914685;8.651156690189042;4.406048596284324;1.9822922149394344;9.459964409893293e-13;3.3001916507410847e-14;6533100980.310089;818471189.3696629;-3.4594723323454915;-5.54606941241674;2.530086593460396;97.23599788848719;-222.98535538601567;8.993894355490385;1038.1682143490689;8026.275860275022
1371;1.1586045932119946;1.287925762252622;312.6924995686036;0.49699171221328353;1.2148846064143086;7.584211604920398;6.400925784416165;2.717914885361291e-13;4.70521838395143e-13;4594339932.296785;5553429549.687933;-6.788545658429419;8.159644604517087;1.9231631759028636;154.31198515980685;41.2114671993652;-43.459568505538996;1149.0290175460561;1673.9607966852561
1372;2.137377099536818;1.1307748439684984;2633.3750803639705;0.10767554531356183;5.538375674992947;3.0268063050185376;9.137531737462838;5.208624961347181e-13;4.73453969568818e-13;4017943609.1670284;6655846669.897637;-8.89000769459755;7.220958372693261;3.7086568590958677;249.72743557231794;-150.83408924945178;-27.83357511222604;2474.7216516635676;1941.8283562747804
1373;1.3605111644777839;1.4917008335855213;2382.64234006966;0.5095115801544474;4.951153083970453;1.6342623558105107;4.703249769691958;9.344313972391986e-13;4.554345526991944e-13;3954436245.4763765;4683407940.820936;-9.086676965159217;13.479622573545694;-2.959765492829991;-35.40537989757945;57.13441536144754;3.936952205648824;1145.3896657027801;2167.4230420471818
1374;1.7151865350934115;1.5050662004263748;1040.6948593575387;0.7315450289797651;2.96791944428309;9.845774693915201;4.579960556415123;9.873234281870587e-13;4.451319355134681e-14;9977107376.654137;1444858189.588744;12.815145784957888;-12.590255601817343;-4.58488212492553;141.80616522216548;-132.41308945720584;-4.406634326911092;1585.0505302958086;2689.332618985261
1375;1.4033918545649955;1.3333962299051916;4214.5805316436645;0.03573574795272583;7.142602446082256;6.5447356202528075;3.086053747891706;9.640300196236864e-13;3.6711989511976676e-13;8037876166.641493;3406086566.3371;4.967945106815673;14.37572179010196;1.8056553331238003;203.27311274169745;-243.35681197619326;-21.56765719631947;3868.213323106833;2107.1703882737356
1376;1.3874183015461314;1.5854452626168094;2058.4112197273244;0.7869073584902276;4.5535796403468565;6.644895320086529;4.530219869122422;2.787699379296186e-13;5.263781117036371e-13;4355289410.902149;4941496925.263053;4.827870320575688;-4.3462692148212625;0.08494617976749552;-30.00832209352035;224.50491907571683;-21.866572189163296;2031.316165166322;4369.200702273443
1377;1.3023367664908765;1.392105924365379;4882.354440737291;0.6567233516772772;7.837586917873541;4.587230894388001;8.917076450373155;7.695549330441243e-13;4.444398312948299e-13;6012361592.352564;6370414780.942348;-0.7989314760158717;10.003549973959938;3.301381405680404;-44.76620083994429;-153.7681992362195;-17.881476033786036;1226.6318586989084;1585.398092954381
1378;1.2652572901698043;1.6917249444369415;1139.1057109116082;0.09339931508334887;3.0638354828249432;2.1163899345143973;7.588366730756745;7.066016020244135e-13;4.396018173761653e-13;3913227806.650012;5844587616.843189;-6.678192840593663;13.777767598708913;3.0199673320838887;-208.37478563730843;-167.6867192074911;-20.02208886838698;1527.1657120571915;2436.0702304351557
1379;1.4138195238586968;1.9687100468246626;3113.267224493255;0.0011574205231374979;6.263705311638297;2.307619909342735;9.026070576107662;9.452592354920644e-13;1.7746214408902322e-13;4726150873.663534;4049973700.1938033;-12.770320382247927;-1.1652116636089023;-1.6384203947541156;90.32220957118321;471.77985644015564;-4.622967495962291;5611.467816663105;4750.595943474258
1380;1.6120207328119245;1.3185091694970221;1523.587599827693;0.4502333572174092;3.7082316435394564;5.202000579772967;6.010444206808197;2.619580118269013e-13;7.925520072052914e-13;3735519598.269172;6984207736.879312;8.605384869014266;4.779216179024527;1.1509048277281142;-76.73279216951714;43.23997041813118;15.932681447522594;1490.067450662704;1524.6894967801297
1381;1.5113448971233707;1.3199923841348074;4804.668159224063;0.887402060986174;7.883383451646927;8.99586133218445;9.401143646841557;9.463373647619622e-13;3.8228980040366365e-13;9336720291.316534;6066478715.199488;14.663651597075479;12.482004138598231;-2.789665767216931;239.929491846185;-220.27960446186754;-19.286067122246408;1969.1056917716505;4007.8246342655557
1382;1.380860025873335;1.5778157094999652;2593.6738430473333;0.18069171019210506;5.30374393839739;7.2031380455000855;0.8982631860043596;9.160660687448763e-13;5.0955696321785233e-14;8220045961.194588;684617741.1521797;8.863021269062177;-5.4928037567968175;-2.905999708251674;332.89768785835355;-205.30392546695805;-15.058910186651252;1091.8223797579012;1831.0713454781405
1383;1.6285182500558713;1.8705843237586026;1841.2848425498544;0.7036313342466679;4.4634710971214;1.6942254887461985;9.438927292581738;5.088617742769798e-13;8.252394406893644e-13;2971224707.6688123;8931024622.936071;-9.623453781227843;-9.537838724405637;4.602536264062536;55.90156262645155;-340.50124708735984;9.65703866190403;1408.9028164377557;1885.132383550255
1384;1.293635639380374;1.7156535557604808;2368.421876915767;0.7579748279884595;5.0203485271733586;3.9388995252377197;6.518872966498063;4.758341347554651e-14;5.874369703376689e-13;1385368238.34666;6262054960.719119;7.503287888029767;-12.860148269454193;-1.9441130888068026;-173.36206420321741;-235.38655385221082;9.692027506271762;3853.268678682949;1496.9512329527092
1385;1.364020116640637;2.028312547008582;4685.796196344248;0.23671338690760135;8.234329824987931;3.0571563609340946;5.004961196463118;5.522057394410543e-13;1.1591177103373724e-13;4157758520.8974934;2437328722.6528654;10.185033745879288;-5.948414924107464;-3.6136625300402336;136.88004621298185;210.06208426820146;6.500648881825922;1551.135844979852;1150.884376173066
1386;1.7446737803994772;1.26409795699798;190.85295064465183;0.20215980781569998;0.9365598080727409;2.6292895211987104;9.59661201551422;9.879850759538056e-13;5.049583847144984e-13;5157561030.83754;7044282117.388449;-6.876131889507501;-10.358750931761664;4.02819637368151;-126.48411602402429;-280.1831325828688;-59.418071184174174;1055.8935103546955;1479.6684711089836
1387;1.6451560323726833;1.3736167676742044;1392.5688808901066;0.3382662967658583;3.527181302563387;4.815785676518097;0.1831234599073309;6.270509370945001e-13;5.370203832083918e-13;5560770406.533893;1003499951.9113818;-8.58204079876639;0.741625302220541;-1.3176501730404833;-177.87740413984588;229.4210486105266;0.7743926713122486;1465.356193047715;2459.395849064597
1388;1.6259156647948938;2.2525845649870258;3697.634255812647;0.7130695869742091;7.352647718656272;3.512527836259545;3.2657353773369553;1.1459893874879777e-13;4.217542995230576e-13;2030253012.4534178;3755521331.2832212;-4.522602040496931;7.761658512497302;-3.928730875479064;206.52171637157608;35.878122151728164;-36.969196942270806;1200.137239436832;4912.911735475738
1389;1.835922458678499;1.4908992688594607;1616.560324329856;0.5856334082544264;4.024182212279352;3.80389092296761;3.137319971000255;5.46171518220586e-13;6.15787085402507e-13;4612416639.545642;4447794091.253934;-12.94502340243298;-3.377025136427058;-1.520523699611085;251.5593449223943;-137.37947995093407;-33.05575781431592;1683.4788796656246;3768.288404398639
1390;1.3712277877150578;1.4821995627436801;1079.755741095214;0.19866490213559707;2.921544269185973;9.883176823687636;9.041205504259821;2.4080797622882694e-13;8.24706957350547e-13;4936665430.282711;8738018862.517931;14.827915196254995;10.678182397182965;0.7432568836723998;277.96603401971726;95.81662871057316;-13.918256559339689;4094.446897129197;1202.351174407998
1391;1.3744752907967797;1.8729561508556494;496.1941650738055;0.9500432469100779;1.8164395496160657;0.3796532009479551;0.5554159769153107;7.133670296111446e-13;1.9414308457851337e-13;1665328934.6925676;1050800147.9163744;-1.4465468282737994;-1.3920434830960833;2.6444738213062067;-217.72611017387197;-184.19674571499127;67.65588929074059;4144.176541735705;1141.0250587708667
1392;1.3364080169718273;1.3381939656686186;551.8895515499784;0.2499910209854499;1.827795844734038;1.0085289280982843;0.7185578567519929;5.072856541789649e-13;8.832337821303051e-13;2288866425.150053;2549286730.1707606;4.888506867523802;-1.9583202910409874;2.5631724085373904;-104.60152866170469;169.46501239521444;21.934958424210162;1169.3316220382646;1675.247386521553
1393;1.6067055115305147;1.3144584350623216;492.91323035334307;0.9490806603356587;1.745710179683228;1.962646445802215;3.6669034575562582;3.7261088547407037e-13;2.6077181444343414e-13;2736520989.0734076;3129176360.7189484;9.464035244911447;-7.231112274605426;0.12479685007478647;256.43422232979947;-115.21337020439508;7.624821134503669;2804.825719343224;2203.5511423013922
1394;1.4037591960394313;2.2317218258238913;3628.2727944799917;0.8781029872021682;7.10548563533944;4.993563066958707;4.544937422545295;4.743509912802828e-14;3.263906624652745e-13;1557417872.3170128;3897470127.501637;-4.16006974345501;13.68712148484008;1.275135279461118;-50.994178188796596;261.75550153856585;-8.04529072014943;6096.1632285353;1147.6605216586167
1395;1.4102256463014833;1.8265632645963128;90.97981919815867;0.875868446893889;0.5856093772805205;8.784295352473302;1.1729895652429252;8.076248290886887e-13;9.623003638388053e-14;8523309799.3037615;1075108703.4631832;-13.57605265369899;7.504228554776859;2.200788882193957;155.68452275666394;-147.291064294501;-17.31923102987394;1587.7968896390448;5683.718372090076
1396;1.154553594568188;1.9503707974981164;1899.3447989899562;0.09022041724919028;4.378843272672695;4.805812648460535;9.026285924108537;7.534596586242785e-13;6.799406354358174e-13;6089244304.921445;7927568803.20093;-14.118480746584932;-14.066198733856542;-2.914705275910795;269.29025301860827;-227.07124378090523;27.36566604622593;2688.7800768769307;2357.9546067419287
1397;1.9445232088061264;1.3435621140099325;3850.8677399128555;0.5398461112764037;7.149789871719044;9.163430617160852;1.8853700994719664;9.657484472690237e-13;9.198642317961178e-13;9519431991.219255;4214151571.3592963;8.125722047142588;12.891723365558938;-2.5775230383090095;167.51806179729678;-201.07455962039413;-0.4703519193531867;2972.7309421844784;4855.945568961612
1398;1.2979227085618334;1.3986116141751617;3644.423871862357;0.3392865954184522;6.451010611120188;7.025056047633351;2.697875919311718;2.1576455018360048e-13;7.501330943770145e-13;3939716045.0054836;4552292165.356808;-6.626273858679653;-2.725698444979102;-1.9132672574843044;329.4789523406133;262.2188397049723;9.186862309035744;2469.893897133113;1133.0583443609678
1399;1.664622540703221;1.8541707927380369;77.43934630187258;0.5338461988569251;0.5408110491083178;8.181635397012538;0.9960931974831604;5.35390754997396e-13;2.5116198384300023e-13;6697388206.738236;1600578274.931049;5.470726175868219;4.118404213683338;1.6203149458254558;-71.07991087086785;199.17678350958647;-45.815915023449364;5916.974408802232;1599.4757340046792
1400;1.9272531303470382;1.546904139639086;3107.8140667615876;0.07863563300346432;6.312378429875911;4.3089592359837114;6.614882811422817;2.8024957525455963e-13;8.177350347668789e-13;3516484055.942547;7442474548.156903;10.432560744463427;-14.660224187642555;0.5074532163390639;44.48627219335573;110.35307126552863;6.202938958790503;3267.6398591092825;2933.8785661691113
1401;1.7269431519101193;1.5751829716239196;2029.3727623718135;0.8779251900397813;4.6713845567212475;5.423184661533362;3.2871697220699176;6.327284888578031e-14;9.256318792232308e-13;1874501831.9930642;5581876123.004926;-6.149972359882744;-1.9617571567750147;-2.6942755560339715;-121.53814530058443;-215.89209357061407;25.42590454351069;3394.3691632568975;3892.916439737985
1402;1.3928468298850485;1.2657893813482037;3490.193199258397;0.6357844040382425;6.238197698224457;2.2831629953427846;7.994868336520316;7.673339912129411e-14;3.268947864828509e-13;1339401112.280193;5173204342.0815325;-5.282702228320806;-5.269423290776173;-2.7794876542132485;-428.09175876843244;-134.6674858310035;-8.358812999333885;5045.166642483975;1027.607908489119
1403;1.3814531135741657;1.1758143371952734;4024.004023181857;0.42830189041240707;6.770761323631869;0.6504208050327336;9.41082395808291;2.8831907670355615e-13;3.2725941550486497e-13;1385746785.669161;5615777315.645616;-11.084164263910056;13.8144431019008;-0.5790113249635187;-64.92529729459552;-204.76915577410327;2.514559148679902;2165.9433390469326;1136.7383467052528
1404;1.902642543427509;1.7071405291831085;243.9369453190646;0.05396817753229821;1.1720656523056463;9.099508118437745;5.914545509409235;5.1398288614425e-13;4.2171077755022446e-13;6920432963.256454;5053799607.903203;-6.209307741907109;-11.154711061028454;1.9084031474367222;-177.67859264870336;51.78319018893748;21.223141511516832;1025.2776054759697;1090.039420719337
1405;1.729677206341546;1.4696976264059667;1866.2822540161087;0.4150467646857031;4.371325127138339;1.2197847942360966;2.2727191202422588;5.654158487984083e-13;4.132892696672252e-13;2657514083.686519;3101343895.1080384;13.023714396049137;2.0336865755971374;-0.385671378301808;-65.43773163263008;126.11427312996156;-2.574251641787943;2314.219131230698;1034.6807966693332
1406;1.316830795993143;1.8968079533205287;4893.880443515221;0.33192520312492624;8.32481208483767;4.5352977981378615;9.98069217640645;7.675363456408632e-13;2.578964661862946e-13;5970385280.647142;5133966194.089851;-11.055959781532287;13.285252778943558;3.246253596057416;63.866008896117904;-174.21822522494037;-11.031730163826815;1522.4522029474997;1074.8069315752682
1407;1.3395603201762143;1.3456628468847773;4479.277527133175;0.9004742235747761;7.3916028846569874;0.9397432737666013;6.475641475995229;8.049936594705331e-13;5.339734353717345e-13;2783241049.492638;5950469072.079118;-9.863320245248962;13.899174801345872;-0.6577538999884727;174.97733782043653;285.0132866940469;30.087852349913945;1217.3679054739125;1050.71470728364
1408;1.3192259337542438;2.073430873400193;4046.0584144524614;0.846959544493807;7.4669158880942135;1.5083909612997684;5.2804768783774465;5.133847783315831e-13;9.08030293280368e-13;2815972653.14766;7007074253.765315;4.7450388960210965;6.638566928483197;4.788493728688357;261.75911893602864;86.13259104764657;-8.074974022761767;5679.383818103272;1270.2047943834218
1409;1.4706084789909566;1.3204433567283906;114.03597688574393;0.5942560026867654;0.647973247680616;8.318299825833193;8.111872302272692;8.66432317625002e-13;2.2049630946112557e-13;8590819313.615795;4279678977.683207;-0.768262841959956;-2.706815833321407;-2.7386916478307666;319.75501998495463;116.08735603071545;-10.416417052133658;4597.144385823322;1103.4803256495384
1410;1.3870800146087616;1.3481301887140842;3524.0412523384407;0.41757763797545344;6.338172799142308;6.115046771541047;4.1338322847388165;4.234077641785331e-13;6.187106387778374e-13;5149075723.01923;5117645472.104324;-12.071701573587365;-2.6383868186627275;1.5361494063572678;-266.74840143092126;2.711933881761098;-15.206725183722776;2136.0374057706367;1218.0846255154092
1411;1.4874385157185344;1.3663022888553957;1165.3802242706188;0.1779581826791019;3.074136315507862;9.596600969034196;9.082022361802933;6.539521693105804e-13;4.261943559629815e-13;8016442636.374891;6295715711.054557;13.660561185299684;13.489044423928178;-1.5407329260007998;372.15276521754294;268.0453655528954;-32.61340487895129;1085.5312272950896;1282.5008813212285
1412;1.4458041180666965;2.019937221739135;1740.282803253881;0.8185466396926685;4.28500945906778;7.683969620291368;9.643602332281702;6.751454096909354e-13;1.2696916424648969e-13;7288555371.924247;3540941529.506289;-10.635706804742115;-4.527861745009691;-1.5418759890042377;370.2518150699128;145.86420615704392;-16.80271231387917;1451.0905480987883;2618.4069118342263
1413;1.5096090082498552;1.8167628073227904;788.0318382521065;0.8345900762223833;2.492447143891238;1.4074807511393086;4.493803349933276;1.3751738580646771e-13;9.191138438240368e-13;1407829347.729588;6503417928.470245;9.433640265968322;-1.1109421080383264;-1.3706337734896765;246.23724883209178;-346.4321107034923;-3.4629218114114133;1070.9184738697768;1383.5930851094815
1414;1.9210389189744201;1.3431920815936873;3073.9129920584187;0.07651923060504928;6.137542685770199;5.43594812092885;9.254835876746197;7.691129172395147e-13;1.7639678805150177e-13;6543086815.306865;4088647554.3194933;-6.482834088519219;-2.3571766389400555;1.6264179489605048;293.83952767141284;238.250279138047;9.040409956894731;3331.6618708442334;2017.2860643674123
1415;1.1752341414677163;1.4946744077566907;2910.693924526621;0.31795285303203413;5.534813673642718;1.6961877322855894;3.8782578050147145;1.5354889581773893e-13;8.105877927406558e-13;1633090626.614016;5673725827.230643;11.33926061961889;-14.666361599159869;-4.42623116004126;-151.4597970706405;-159.92192334135675;-15.064212442284802;2316.2185601926426;2478.445745954164
1416;1.4154849101364355;1.4167006405194182;2598.8482674043635;0.05481715836571788;5.23400782131814;4.666032284885292;4.87899694741573;4.330656884999126e-13;7.494551451261139e-13;4548840783.796537;6119107377.765495;8.094907276201376;12.475604914554893;-0.03324631516726484;-207.72131127133773;291.36820837450205;-28.683665880716266;1742.586264340763;5773.175573456863
1417;1.2839696501585294;1.3881295251740609;4690.72229656381;0.38355566370927896;7.609985970665445;8.849776996795608;9.761724974763721;8.684048698485936e-13;1.099135328797056e-13;8871095754.007822;3314658919.5145974;-3.6843271298107236;-5.795643020106276;-4.334296696423658;42.453076416887015;-267.44510937320797;5.037148922909302;1336.0044558219734;4190.934337672026
1418;1.505571036247067;1.4727601562289838;4498.182687325416;0.17463420317488665;7.672829953222935;8.468864773973031;3.9352721323480275;1.6068810018040972e-13;5.375723391327157e-13;3732969448.31279;4654315511.4340515;-9.298193076093225;6.503579048741884;4.042472543450138;-97.8997686804627;159.1410154870495;-0.8004635029270467;3508.850599902128;3406.9521691199907
1419;1.416343434131751;1.420489270851665;3790.561187494402;0.6064754489393979;6.735245539318471;6.861025492902005;5.077708948217249;1.2624142532462226e-13;7.593051120768553e-13;2978142261.05876;6283361433.745653;0.7117352476030465;-10.361596174228438;-0.2567416029733627;-288.8625026240194;-205.69940344896776;-29.694852206206154;1499.3960638587248;1051.2083267703727
1420;1.4644907478204243;1.318178660901706;833.9028928758727;0.04119765387389285;2.438769238710332;9.24481888973311;1.363486432094421;4.959238990669233e-13;1.4365782289789644e-13;6851831922.254899;1416250345.8172824;4.53569233745128;6.293577202881096;-2.5426693955613198;-222.68406644626037;92.25750331100514;8.951722363991776;1095.2072181101796;2045.70150894347
1421;1.4284468086736775;1.529775319387728;4094.3929792481026;0.4922505615438596;7.1902356929710045;9.939683811820755;2.003862840927687;9.790767810264933e-13;1.4757367032509168e-13;9982622279.762054;1740156923.1712825;-13.180320473362166;-2.0611468234732655;1.280531565785262;83.56540636799616;155.52177759875667;-3.3463168150079663;1400.7489132151009;2200.9830807488943
1422;2.0273310505591984;1.7516948500157388;2021.6939418509103;0.6223511867793234;4.87390148023136;8.162580194392914;7.677604420857554;4.3921969796283656e-13;2.4890694954760885e-13;6059051074.021886;4423656083.533601;8.837210328988753;-10.270697676086915;-0.7363568570797527;-242.90874554171285;27.839342221486945;3.6295994232828823;2357.135499229885;1300.960793006548
1423;2.044855345930449;2.0484268187308525;833.0822501294062;0.6140567508666047;2.771760271290567;4.73217841375351;5.228260457162916;9.142204616096047e-13;4.896997813598836e-13;6655887948.165082;5120277995.2182;9.561776448348596;-9.367959177567041;3.5835683290098928;104.50095228414867;-334.57780723361697;-32.21037016382325;1082.4224010226442;1360.605819641058
1424;1.440443260729613;1.346103475010709;201.37458220208373;0.2606710598250048;0.9461610425058722;1.0372208738750328;8.670946021384674;4.35605325245018e-14;4.768171668476107e-13;680193053.9060376;6506675693.304937;3.637054511411982;1.0289315244461896;3.2320391928948773;-211.3491230827454;-88.17276147404777;9.21718604649581;3120.332007755459;1061.5895602516898
1425;1.3271543478785668;1.7609258636281861;2854.3107067219175;0.7822865953787008;5.734605392974613;1.5887318966469401;9.745354652010775;5.581371286640322e-13;2.989714684812542e-13;3013323389.926413;5462150659.740774;-2.199871706243643;2.827207566694643;3.52952744661534;109.65566143841252;-208.17679259090337;25.139816916253608;1587.749049460218;1170.7500098851488
1426;1.4175627050319903;1.423772086076158;4110.148578265833;0.14732745112735313;7.112446309225868;9.784256326224265;8.425043224223854;5.256114622243156e-13;8.43020800316819e-13;7256819199.201499;8528157105.69823;8.070207259465665;9.856079429280907;-4.324481405769872;150.14709844486754;-222.85812487884596;-21.297569417692948;1818.8630618423053;1141.6377692677763
1427;1.2258991140923248;1.2901844938036302;836.0609249421403;0.5915052373429159;2.362327780546579;1.1426872316557712;5.967594693935864;8.327371776067037e-13;9.867600700599103e-13;3121530931.3547964;7765249627.717038;-5.27331698048331;-5.302452360351216;-4.401086005887801;137.73415726628954;-29.869397030739492;15.766646459296332;2674.9912519349314;1271.4986083679564
1428;1.4086787317897713;1.4789513777399632;3975.351381172962;0.36648516375997775;6.993652544721972;5.175777949281012;9.202148165064898;8.789587104838497e-13;9.438320665977015e-13;6825304531.476967;9430657082.221771;-9.662770602731385;8.11003311143282;-2.818794665710682;179.0125641036724;143.5643403716929;9.87078791084166;1569.6904661886774;6087.0100052289745
1429;1.6068352763695208;1.6553913587281053;26.547375405861434;0.7001851831896644;0.25830072242931196;3.0524960904702234;8.491842931385406;4.900165743080767e-13;8.426024117182683e-13;3913658449.0693617;8559774103.288069;-1.1090774305722189;-1.0484935602367482;2.191821273009543;99.94444599099654;135.27123378519448;-7.139303781230396;2867.994327169276;1505.6585583176604
1430;1.84429232772032;1.3056795722587597;485.463634846909;0.027637075051750837;1.7720659428058494;9.334725822143572;2.0200464172463337;5.709147233519192e-13;2.362559597697232e-13;7387311004.79916;2210660437.9867697;-4.46759419401271;1.935862256768047;1.3966757852263054;-48.39397943964204;-202.5464304311006;9.90301869285725;3232.9515074069136;5745.251925402256
1431;1.3409316594257863;1.8816112127830211;1415.4717109002686;0.020293868969334716;3.644239246832106;8.981199809002035;3.3795621959704265;2.8612190185819464e-13;4.549183586669955e-13;5129708765.230049;3967774041.571404;12.133454536356563;-10.23132495342991;3.688943390588621;114.50509914347501;-185.35480665281102;-13.219871388151875;3730.221280471928;1500.2174860224502
1432;1.4203299469788937;1.3965464083030417;3989.557647473414;0.008290346041611052;6.952573812393051;8.646517874328874;7.37547924428466;1.1147008404970522e-13;6.280250601991339e-13;3141591870.3250546;6887055579.493083;-8.990061405111945;0.8114805580102722;2.639895790912542;-83.60299820198698;-237.27731719453877;-27.635386987827136;2324.712899322973;1780.3582500541866
1433;1.4199077821523063;1.3261220363378212;4216.76468591295;0.9664918832722651;7.153103526846331;5.8425614741678285;9.72810143852415;4.67034994821052e-14;4.1071530609816046e-13;1671576801.6628976;6396383106.03677;6.906605797121614;4.230439116331674;-0.32439252629483306;-203.95572624083127;-196.86533646650315;-35.784622517415116;1016.3164655630172;3274.6128197463554
1434;1.364694170430912;1.2471168682128915;177.1960338340437;0.037358540249716965;0.8502691705922785;3.5503512606575813;7.444573944332482;2.804121674463055e-13;8.401156338955815e-13;3192890810.549958;8002753419.4958315;-6.85042769201279;6.818405915807293;-3.87169491130102;75.86133926172954;-138.50123489617187;-28.25167937386719;2177.294849648996;2092.302542913232
1435;1.6998985956763952;1.3505623958916042;2244.4700482112953;0.1329888422079437;4.8656128713192315;4.392590180373671;7.457911591296946;2.044204327477144e-13;5.162357262511889e-13;3032302145.249835;6278886347.442473;3.634673128765826;-7.4480092172521175;4.5794465413394185;-151.0672893756978;318.61815464989184;9.152257369918328;1035.796803352486;1812.2831455610328
1436;2.1988554229937716;1.6470143461895745;2263.6817412695495;0.45358059999034184;5.286257164893225;8.772060925381709;0.7378279746861897;6.297529221444138e-13;3.735927101072944e-13;7521178461.52561;1680067511.499861;-3.183374573335664;12.936171441764088;2.220732944943454;223.4116511518788;-205.29730208185873;40.11577914071457;1344.456170365144;2621.9770133975726
1437;1.5432295823608118;1.3703881191182756;4809.063146899358;0.29895720570141804;7.963873612114576;5.407188933221108;2.189456867271509;2.1133118385521997e-13;5.094030434445525e-14;3420720131.657274;1068683103.3935977;11.977991938017077;5.650487216093261;3.5105724470957824;-145.36731015545257;-169.72263697455395;-4.859641045501565;1007.0628087338413;1142.784901759523
1438;1.3076375074378532;1.3125219298700534;4360.875530354957;0.9191625666360101;7.201642368866968;1.5048147394755071;6.496273099125448;8.184845238924545e-13;2.112645069152711e-13;3551376630.829264;3748826882.4626274;14.284442944257936;13.444957883092684;2.9397429357944986;18.229882379806725;-108.01884932796688;-0.9955002763980751;3181.7508564577506;2916.2273931738537
1439;1.3308102705493865;1.5764114116472028;3027.3565572121483;0.3121637891168123;5.845319884985299;1.9540250012418268;9.062649239456098;7.364613988194087e-13;5.584679956229841e-13;3838751778.1180863;7199075180.279927;-2.239659913470499;14.764964202392619;4.995830824174977;-215.16763716969768;303.87932924272775;43.32818914821265;1044.8882536172848;1138.9673960604448
1440;1.3885450787648164;1.258575449302886;4649.718065374201;0.8037946389350445;7.5419243027275265;6.679907871716636;0.5318057976522307;2.582657661086905e-13;7.330357340238492e-13;4203089483.4644594;1997970562.6407638;-14.167732664569842;-5.702014097328213;3.8286165917440407;-284.2215473778335;-69.59478450136451;-2.8078536681613477;2466.7642185674235;2159.9126071028727
1441;1.2869413273550052;1.35210354598922;1688.6446207430238;0.2908601778963811;3.8351375878781786;3.149367080629511;6.299287412872971;2.284244479220528e-13;8.330626590877323e-13;2714144165.620912;7330515636.342685;-3.20812594280741;-8.778634031187588;-2.1296829014256637;-280.9688918787603;369.3117114941539;-38.31948403419968;1510.2289152237634;1027.112304656293
1442;1.3874393838648602;1.34315627613134;3382.1150536390096;0.8642394920588446;6.163365179345869;5.269551958641427;9.120080595015605;7.100908170561845e-13;9.054329049552272e-13;6190044512.57959;9195544558.19147;7.113650194212411;0.8739381624052616;-2.147290684082649;51.82021222063341;-160.24152374496938;-23.567395797935585;5008.820809591841;2025.046717426187
1443;1.4701530060571089;1.4259189108300578;4857.865348246604;0.45666172439305464;8.001534452186181;7.769284828541723;5.369560722404882;8.674482601325648e-13;5.832858072193874e-13;8307345827.375117;5663176039.847785;-2.4406125822536406;-5.837164408642337;-2.8346310244363515;-143.13094501549665;110.74214258509912;8.487435186678203;1704.6120449884695;1321.0457666176853
1444;1.4750764873168527;1.7920672775471225;3033.518546038437;0.7841712766271949;6.085464056640601;1.2847588534657282;3.7032204751888194;9.306311367113056e-13;8.941468547420375e-13;3499045398.981759;5822965130.304105;3.686915122849797;1.5919993795631768;-0.8888729042177221;104.34789723494738;-193.81338588409332;-10.28139102835968;2653.8353458039587;1023.1700158142904
1445;1.664834032304515;1.3136611770277116;4556.291597331745;0.5403332490543452;7.7389105336343444;4.428338251919413;2.506050195342238;4.58897117413621e-13;9.512803811074646e-13;4561713821.085241;4940821124.203133;7.477142931256733;-9.222857827522706;2.4058452092789633;251.30686883863234;294.4898605092693;-7.204420934869057;4678.756600161233;1619.8915147600337
1446;2.1949065140886663;1.1062457486741883;4149.703485366304;0.7804562075465354;7.524998413780195;5.355472598800893;8.019671992674423;4.183916643253539e-13;1.0859012490207287e-13;4790053795.223809;2986231330.2200274;12.587299077505008;10.370604797058839;-2.1720475454385904;-89.90254082111096;-15.43286097586892;7.7221557910563225;2723.6136992886272;1182.9861774930935
1447;1.374487884796784;1.6917388235990731;3824.2683189316103;0.054120938310687317;6.953020472947917;0.79845488697733;8.710952530721364;3.0124658898575603e-13;7.401146074825722e-13;1569409362.240427;8125166884.555629;-3.20839893567271;5.2312067774825906;0.6103780173845337;147.31637998215282;-104.18694523101698;0.05677003272704598;1495.7066246326501;5219.58555224149
1448;1.437100377806079;1.092648159901069;4299.918520435494;0.3591358228494913;7.05135292936046;7.267816081259574;1.0021860545813601;1.8660165559750367e-13;1.3039731031544817e-14;3726573479.298895;365812442.01904035;14.816178282473857;7.152970809500015;4.9286183243735895;108.42708164911967;-53.2627018862012;-17.126968985851285;1088.5421070526747;1412.4836841986175
1449;1.8949175704246013;1.4423116432865957;1494.1256605360522;0.8679597186031005;3.822316209463992;9.867332257484822;3.476072270127358;7.696728787152321e-13;3.899987306478078e-13;8818667051.448652;3725855208.5950236;4.211768760871745;-3.028059955544503;-2.3996665432099817;194.8498703412239;-255.54208008970306;-14.590973879393683;1394.8023222308975;1797.1445237279534
1450;1.3776827501918227;1.3514744739095437;1477.0851494268843;0.4682463422693869;3.547205833687759;5.4511992148416715;2.988035621107608;1.7606252075780332e-13;8.646750517615452e-13;3134941658.015368;5143625347.821203;13.03146642728126;-3.2442437958085932;4.673168624514689;-77.56062833083982;-219.86373007618408;-9.200316041301571;1299.024997437278;1011.7956691108476
1451;1.4745103407262632;1.821574355720151;4181.513184613641;0.139333597686793;7.559532726850501;9.095399408949504;0.5196450186084067;2.470895390921865e-13;3.978710451210071e-13;4797202435.758032;1455038651.050712;6.255228435842028;8.668103021567184;-2.2082091776676793;-198.4953728194837;-195.32973892241796;17.50203997644647;1159.2127807897293;3516.5876842916155
1452;1.4202377679524867;1.3709905605599655;4060.6695186735046;0.21801796094895587;7.013531232173809;4.068813169371241;5.788973328785686;6.306288683529481e-13;3.474449251078931e-13;5125907636.320735;4538305620.364995;-7.016679704047572;-8.997885763980781;4.155924779020241;-160.5447585884275;308.00188386080566;2.7019143745151837;3033.4925759973535;2926.664222691795
1453;2.121345720502994;1.350905178944728;1139.209980489163;0.6539044294040087;3.2325561002707195;2.2698490154118;5.231933135995282;6.573174446621835e-13;4.2489679126124316e-13;3908733333.305516;4771146989.996887;-10.970224696013483;12.130103738641886;-4.111663233073273;-320.4612983484692;72.94680643521544;14.11272506944865;2121.634274033614;1454.68355537508
1454;1.3877917412628944;1.4015261921368651;3731.0969199028095;0.5421157376681836;6.6272020308543045;8.481606122471346;6.295555204470262;5.603853917866165e-13;7.329664261576848e-13;6976416992.983555;6873992241.247117;-11.966461789532971;-3.5684412836184833;-4.813385619887457;-248.37483005274976;-161.7937035610016;8.646360417998043;1727.2039613304648;1683.6993576111247
1455;2.1207929612930263;1.9111075291772022;4876.377744911934;0.90203890298244;8.957249654388583;7.2980849623391295;9.139743450082431;7.429312033856743e-13;8.576462500003096e-13;7451243147.639902;8959238079.563665;9.28412693520255;6.099030566200334;-4.7715674387989075;369.85064156862427;408.51034241931154;-12.778502611257668;2293.1357840325586;1134.8800842740645
1456;1.88414176985698;1.3958803322405686;589.0501972707385;0.6346870672325575;2.04330710043445;9.84708112446673;0.5549166062643591;9.370454053320742e-13;8.984813406178922e-13;9720398147.493998;2259531344.1494746;9.903213385459132;-6.1681905774848325;1.1549967411797475;-124.10545370227663;84.9265746186874;30.567653087114905;4872.481749315332;1682.691272754601
1457;1.4322746118964855;1.3582755731632985;3895.722127686668;0.7271845669487227;6.821739180825048;3.3404134915178103;1.0953867567881874;8.425714924709854e-13;8.409182831977427e-13;5368506378.279547;3071217818.681714;-11.451734455892842;14.980680104077301;2.827907962515317;170.73846212188081;-303.33844859551715;-15.318800786402893;1814.9740567682588;6211.698022508139
1458;1.3474038117712475;1.4202270124887066;1255.8146474092823;0.8856688571981839;3.1983520514467823;6.03905500393675;4.8359783378740016;5.703756355062681e-13;1.0531352522458882e-13;5939022269.519789;2283674628.556724;14.887503277747005;10.67446020049626;-0.4428626460848717;-220.33263667740374;-291.35301997323285;29.661617811509746;1748.9672791038647;1018.7110535134233
1459;1.5267754908628381;0.9894710491729602;758.949760621113;0.1917521287240077;2.214791931565539;7.582925921840988;7.650478159275598;3.305659218902105e-13;3.1054304572515503e-13;5066376085.063194;4932364601.048129;11.805827316081707;-11.412012422732351;4.658161362880595;-353.318177641146;-235.97980980860137;1.1811850603726965;3370.781169082292;1288.7216881998118
1460;1.7642473563179322;1.9951807670679051;1503.1421566505533;0.9709637338393969;3.9931333683193038;2.5715094664795344;8.730956966017189;2.6201553169751983e-13;2.0111151175825818e-13;2626682375.560161;4240327177.7550144;-7.99369015608119;-10.351941982633853;3.2805909935506374;225.14123966988413;-205.74120574497607;-3.2117533831548806;2411.1949436136993;1687.9682053644433
1461;1.3488296112157205;1.476988096404155;815.7433154676195;0.3646402879322346;2.4155919861184456;7.021072049746463;9.444222164392738;8.676149347209906e-13;2.062892425171464e-13;7897964962.790631;4466541425.903461;-12.414047812725766;13.2148110381994;-0.8019136087635896;329.5428575114556;-343.06838630077857;7.72458248549972;3435.0775759671124;2133.920459294101
1462;1.565210475215088;1.2734436579865316;2276.990207655834;0.9709854512272212;4.796061966874228;5.445681632825544;4.638345286083224;6.498122240834954e-13;6.144187789643388e-13;6019633365.347475;5402114143.389065;-13.334997909918902;-0.6120389009298695;-1.3364691797268824;-248.87466206584696;1.9588117786845487;-11.741636529299893;1015.3451986335101;7851.328419143361
1463;1.8100658266662493;2.270463892539918;4756.950249044048;0.1338160731537571;8.84567756721982;8.465041299755171;0.013995744772313634;8.731411950395655e-13;5.721577169140763e-13;8699749713.160814;286355721.7247392;-2.137135360433394;-7.772596651144545;0.3296554258196229;-21.11748875165057;113.80570634984822;11.034641521425131;1467.8500760923912;1652.3055486041942
1464;1.311987780393671;2.071794019148156;464.82951494787534;0.818560046496364;1.763070848045698;5.819987944193422;8.298000344348509;3.307529392456475e-13;2.4548846207900563e-13;4439794582.827225;4567223295.497976;4.723030534272507;2.6273153486560332;4.081309848175916;269.242889345179;-242.1342573556764;14.98332982057696;4940.517410798329;4873.599956843138
1465;1.7607804741351352;1.5180616187212652;2728.3056908688654;0.97220801679807;5.676866790157669;3.7973104507718394;4.8246669278160965;7.296327044628731e-13;7.327112943643446e-14;5326478479.572552;1902611379.2223427;9.220046125898701;13.73528235152915;4.2148813343323095;-58.9010797730474;-122.04883897435268;-4.412132753034099;3909.3386001975487;2625.4582555706447
1466;1.9312693321009404;1.5062910210948766;4159.591782208456;0.2384225604861323;7.639362208002324;3.633233616527353;5.175168415804072;4.7595103284431055e-14;7.781689528623807e-13;1330692708.0912726;6421687563.484404;-13.153052152434151;0.20641856083361354;0.23691747372935446;202.7574512027331;79.3784665496844;-34.13263662026789;2086.637631686163;1237.1362390121988
1467;1.442858853072924;2.027004107881886;1403.6064965239623;0.04456734890616898;3.714276276099868;6.067537355350264;4.785574427911203;1.5205575671733085e-13;4.0587348919802076e-13;3073672851.1569667;4459768937.797224;-8.38533175896764;-6.71726435817537;-3.4851552084083792;-78.24935743172809;-215.81588281075443;-5.8747494963942355;2071.720735242454;1045.0644043040852
1468;2.0956198263411205;1.2744834075837623;1985.6758871100842;0.19702864455427782;4.635463436171193;2.180476068013139;8.49409075874878;2.748846603580666e-13;4.0779675674572916e-13;2477427152.3814316;5955665678.017648;12.682557602091876;13.813037754718707;-1.8503163347299498;-195.7637208576077;-231.6526241029931;62.296540490243544;1209.208959008208;1066.9284597151816
1469;1.2398333565706094;1.2771187828584856;414.73605008740634;0.08374098632531357;1.4805145988369746;1.9487320722197758;5.193503299849023;5.33629429002076e-13;6.521427503821154e-13;3263216820.513328;5889135130.652127;-11.87682006625204;9.329673632997277;4.575664435108235;176.18375027920214;152.66793385998747;23.779657496468296;1519.1700983180915;1879.2883684746896
1470;1.239002357417366;1.362449783860029;3701.055061601689;0.5195659319365571;6.440142761179721;3.9054112361181628;5.27398584725157;5.505548317317364e-13;9.432557289228672e-13;4692277121.5764;7137303819.671992;-13.240677610488778;12.720736806003256;-1.9084762387205236;85.91667349863809;60.0430525254211;-38.313824089422425;1182.4686722444694;1417.4309952075453
1471;1.883494798729365;1.5625502781587326;1098.2420526522994;0.3716628540881317;3.1466290496800364;1.224429857839422;9.722027772546047;2.1934006202838844e-14;2.827572243258173e-13;524415977.5132137;5305609252.3766165;2.770523441385862;-13.279808907639234;3.149726819437914;-274.83887663891255;-130.67151701708903;9.138525951322444;1603.1531838534406;1025.1541155688833
1472;1.7250169311574532;1.371304289932311;1280.496302561662;0.1016308371020812;3.36362371572311;6.51515984656406;5.96433353836502;6.204926688530929e-13;1.9603362184709714e-13;6433996841.239369;3460160318.771549;2.3164408571137756;-2.8659635079970354;-1.6872602462805042;367.88756141993935;312.32042952040075;8.181591494066103;1865.837504849473;1771.466829442884
1473;1.4432294234723637;1.4675993797800928;1641.766171019122;0.8873036648674636;3.888835804367875;7.286646586774202;8.038067680016717;6.869774598400439e-13;5.652046625422047e-13;7159539265.93373;6820695720.019371;-12.207263993826686;-14.007478608767604;2.4642923069568443;117.13047049286857;367.33651351416745;28.336147460688654;2157.8253649061753;8729.923818378464
1474;1.4963687121356388;2.0718680100146045;3328.2791653478744;0.22718347953794238;6.666597482525379;9.146269520934808;4.140109121066163;8.633914419623769e-13;1.8427455702590212e-13;8992404734.09788;2795043428.834559;-6.9932067741237685;14.500992765747757;3.1959607300396495;256.60427599468096;-188.47421811382253;9.154040407329637;1888.0339581183835;2818.4420152629377
1475;2.423993523433391;1.445726183923662;4603.952150562171;0.5134914363529133;8.503287980097411;7.891226006457812;8.057045209360828;3.4978866507378687e-13;7.809959071996981e-13;5316491027.405853;8027166247.572647;-4.695109262599713;-11.97251127296088;0.11959097401781804;208.02561637433413;98.43707438920552;28.182072440965293;2671.3734945801807;1140.022383191415
1476;1.121337253890517;2.051510429179766;1469.7934709116778;0.2531655796879817;3.7175812355779514;7.187658894450923;4.93399537193101;6.075000517039831e-14;3.9199496004826813e-13;2114544685.1768723;4450303079.956689;-6.363745248866836;6.200983855231591;1.319051833716979;105.71197943482017;-97.67382639007556;-11.144387848718496;1029.6579690415747;1001.2102120878031
1477;1.3353787868802574;1.3823059451538924;4134.053881387406;0.4971521572835862;7.034884371719798;6.152180333773129;0.14140815479097452;6.704475416623041e-13;3.831397194877614e-13;6499005555.449819;744844807.3131303;9.596578905081127;-12.440601740856934;1.4221657851429148;264.74866976734904;98.30435368691067;11.850048148757216;1498.3687122393724;1618.0754090083767
1478;1.3474757289938848;1.4644325420336715;451.0848294361546;0.917549105214471;1.624721949267226;2.9083109228863115;1.7685172509314877;2.443506776052751e-13;7.743665979360733e-13;2697597617.449184;3744794017.6770134;-2.248486146115372;11.94694806863506;2.851708031261894;-173.23274874162772;-175.09563143825147;1.274437069498138;2132.971882778735;1499.5589115528087
1479;1.6541982268732855;1.3930626583385444;1935.3045334054882;0.2765984627751362;4.4063190348228565;6.262772411814044;4.576938933312203;7.070230747659201e-13;6.785819125053826e-13;6733642994.495462;5639475016.508396;13.601973283140502;4.067851174898969;2.794394624333588;-89.59746172305572;-43.75853830161;0.5476514661748001;1229.8550603164445;2037.2464640427904
1480;2.290655582204977;1.9349776842867226;4230.005378725724;0.20685249563119823;8.275566463268946;6.617228848142276;9.850525918970122;9.216689815776213e-13;2.585873771635301e-13;7902700831.420452;5107205675.252843;11.201771226093967;3.0037323782219936;4.509450244838696;45.225558954122064;-28.79756673890543;-5.148832040837507;2075.784517050399;1058.698622174887
1481;2.2905888783092445;1.3845842441189835;4998.806838853306;0.768681997903942;8.82964726623249;6.899519785338188;4.526756662490669;2.7200041241059526e-13;4.3805790454475e-13;4383733979.721144;4506188072.934329;-13.245998421166226;-1.7716874348591052;0.6483821219388393;103.41307604561561;-213.42681311132193;-46.97327479917938;1982.0037292996778;2081.8331243943535
1482;1.5052459175506296;1.3880809089021389;3422.8565082370324;0.21031444158878831;6.333806775840044;3.927269249533507;4.2836154932014345;5.553106026968135e-13;3.8924375833426453e-13;4725669006.611637;4132054559.277495;-9.697741046751798;3.988048477873459;2.6578132203249716;58.213101226893215;-208.9612125257361;-4.711648210681666;1256.991851248715;2523.226768371404
1483;1.9299987806467602;1.360217278117055;400.7718237732253;0.06256311909668966;1.5822658085292944;2.096465178952036;1.877912964771892;6.415865321973507e-13;8.848813780842626e-13;3711260373.2602854;4125059681.1224527;-13.171227920786313;0.09843033841701754;-0.05130451594088736;225.19679350231092;-248.92650532064403;-43.540303065235406;1166.2696117736289;1970.6904721133117
1484;1.735928094968254;1.3778777603433474;4797.595091683194;0.671975333625606;8.129292588862745;5.693301243840303;1.7221878093625846;1.2717110417000703e-13;3.247137961601002e-13;2722866076.9213114;2392988459.373472;-2.0131540816246343;-9.949423710409778;-3.9354463636631154;-55.16061959391426;-243.9352347077334;39.42154639554499;1035.1463558798775;1441.7249261210122
1485;1.7899761519122666;2.078848897743284;2481.3177237152163;0.994179907540289;5.6310294551553985;8.308637619343026;4.507767499273891;2.324244470348518e-13;1.5285672902469137e-13;4446883893.685218;2656274867.9800577;6.631586300812103;-13.71371609028194;-0.20472885276696395;98.29825340408051;144.07186074877785;28.752277538583286;1030.1803197239133;1542.7050618694402
1486;1.755340271954504;1.24650012447175;1881.142959745023;0.6671023012354333;4.302130537652873;7.858133573638977;3.757395199249793;8.873254042044315e-13;2.0742023138135758e-13;8449891636.411758;2825003391.818255;-14.503838213960503;-9.402333026325048;1.7486562245629358;56.07335822957542;256.58421802755026;5.282772658702694;1272.6507141340269;1632.5450360594316
1487;1.7304087602416598;1.301712660038535;2613.28554196449;0.713791372117072;5.374193387576034;4.883658000554296;6.615647668131209;3.4115637099448225e-13;5.563872044304869e-13;4130468769.550022;6139383024.902616;-12.922769556316986;-10.495824365118189;4.836125336818242;131.46634943710566;-257.12128446501436;12.639692361655657;1789.3260446936424;1000.0673891157244
1488;1.9885256518907342;1.586658725989035;2060.1758211145657;0.5227172335951538;4.845168169885013;5.120672554684804;3.5527870658157523;9.455457907637505e-13;4.635136782184168e-13;7041331059.594315;4106443437.358354;3.13314999162613;-10.936489482515036;1.0765174300167493;12.320143634241646;-64.2093591428482;-25.64908288372639;4782.436586829833;1291.6528483807022
1489;2.1882457173090293;1.4029618538286395;4102.866803085819;0.40094532015006834;7.680891523674053;1.5789003726722792;4.052973974226966;9.353530949831246e-13;3.7248904029333e-13;3888795770.743177;3931820071.236086;-10.062212927846144;-10.176307909499089;-3.8275858298686805;180.82931116096225;201.50069153088467;-53.329095381705045;1013.7191669335683;1483.5738059428713
1490;1.1692444258304886;1.9685953558836304;1230.318846521825;0.2184825350599432;3.2897423802075703;3.554277931054242;6.417951964569264;3.3921860798791217e-13;7.401998257950324e-13;3513706682.787511;6974654494.92826;-5.859946376192607;-6.943936121315783;-4.959478154689849;-177.727858410811;-268.61483289347393;29.87087557558385;1349.3386062701413;2220.798778908519
1491;1.2698064763165398;1.3579409811348602;2214.381272309034;0.7542922992781954;4.588132926067153;1.806620351826769;1.7809796273564469;5.843046095583276e-13;3.3749105390135657e-13;3287782531.8553705;2480907583.9444194;-6.561372407256723;-12.661154373923676;-3.426231941455611;-48.48575435000778;-248.05899846400695;30.23980526176174;3452.4684226749287;2597.470812135809
1492;1.4783412934971607;1.3267561439172761;4862.768497591225;0.6692992453796581;7.922183489873992;4.600236097361377;5.589292285131697;3.7513746077617595e-13;1.389446425063675e-13;4203734280.208365;2820001190.892179;3.3157907271840266;-14.890317289278697;-0.19624419234878587;407.8954726555666;-279.7837147250178;-7.740357748132461;1903.6088752396668;2760.2531507992576
1493;1.3698302647848086;1.907837103926765;2434.399807615633;0.7245437225592757;5.260851941626039;0.17766653954765146;9.666304114534634;3.5419755425985004e-13;1.8377080260750292e-13;802741247.6779003;4264994364.0587234;9.803209240289156;11.898947549765914;-1.1158960396900852;-87.58363462839606;168.78666507415883;-19.74408412210818;1222.4528237268041;1813.0356753157378
1494;1.6787412386483673;1.4339649920649786;2094.7459664901057;0.48824339414562057;4.678142757007597;5.847079053159458;0.5051413404807679;2.452031919342806e-13;7.696417977544567e-13;3831620787.685823;1995265793.7064412;-3.532343203025583;-12.565147614000882;3.9777926565042616;46.54939254576266;-307.890703154;-3.9888906371688266;1375.0533485331678;1356.9997078097367
1495;1.3519736945682181;1.3899675805613;1167.441253749201;0.9711978902902749;3.037031225820086;3.440377394957367;1.3607921577230795;3.121491994818652e-14;3.987467068165412e-13;1048658626.506015;2357189141.649744;-10.629251522141377;-5.058896515488886;0.4669975674124407;294.651849468837;165.73081611932685;-3.8645139824298895;4466.374201047608;1143.2750894213027
1496;1.4773076312053142;1.8162811232209046;1565.5473149243899;0.6607238562346495;3.9259109016662483;4.420078871365994;5.489741957777014;2.229760265288825e-13;1.7159890804827532e-13;3176830720.4662514;3105869499.562802;-0.39379414187265915;-5.481375900622735;-3.2541931275681457;-247.13630990779467;-272.7678608953094;8.428438547545008;1646.9262895743202;1493.0003212753063
1497;1.5137175984650497;1.8794856842631444;448.6983099967566;0.9398742115848634;1.723638153983848;7.597067857295756;5.452820861193723;9.568676401712675e-13;8.258994314058109e-14;8627777068.433989;2147455519.5368454;-0.04209349103874871;-4.341138546990512;-4.239446592804228;99.16200166284202;-196.0036768325637;-9.895285710861756;1266.7905474987465;1699.3075302109928
1498;2.1670433510174973;1.5882865755795026;4976.29687942837;0.8412046723415948;8.866660317599484;0.39312718357034876;5.762947726111383;1.7685867278768294e-13;2.989294836380439e-13;843780912.1398989;4200071603.808087;-6.455868431198688;2.477944018397231;3.115077881746375;-69.55770220187384;201.73643352151163;9.442968672922882;8294.595641015141;3749.064544068984
1499;1.209973328756546;2.324271273495785;4866.232718778029;0.047237264796953005;8.560529621100176;5.989285834292216;2.690434151782858;8.760725871784805e-13;3.859081195646432e-13;7330060242.227619;3260642012.780408;4.5347367383648525;-4.751717485672577;-0.9065318093204153;200.55712518794525;212.7924031097267;19.285727956202653;2445.5987530959715;1112.8273084438524
1500;1.4038635240666726;1.3574614022979565;4089.9537980153095;0.7247493562571141;7.0219536107530764;5.760994575002983;7.619670509296607;5.732828060450036e-13;3.2610187608821735e-13;5815447906.069987;5044228167.533485;-13.868175577567946;5.794146938779264;4.451392168830687;344.76909029819353;157.6790357220619;15.340490899943418;1068.9455333541089;3439.1450506277806
1501;1.5403555520718741;1.8540049989436205;4045.827920411966;0.2579642945504903;7.46788197371035;3.0329595803038774;4.834506318359311;3.9998854825302793e-13;6.111483916254694e-13;3524577531.878567;5500464688.57578;-1.1387244871523308;-5.711390861225187;-2.305006028167913;-240.94262761047037;-385.7745991168259;-10.388680228767662;1167.9751814919998;1239.8546618053226
1502;1.37408287721348;1.5210068211767462;939.3118313710615;0.3283204583771885;2.675266512710961;7.175837831987569;3.8873363154359;3.757326324808304e-14;8.378898526698173e-13;1661597169.4129303;5775232882.128186;1.521960023670644;-1.1060963455537838;-0.9147123276693527;-205.13122615745397;-102.26910459221213;-21.300163162440988;2157.503287599282;1773.3350321490418
1503;1.5683634165994484;1.3390162382435546;4865.261699565378;0.5285159864345867;8.020065275930296;0.8830884841270806;1.8330706274526158;8.614987734034481e-13;9.101528899400566e-13;2791125861.3386874;4133298341.2006407;0.3375866027739747;-13.73411850423231;-2.5804683352258904;136.51093176615473;-228.50446261709635;3.8473981478035917;2896.661303588889;1304.6708869130268
1504;1.3573220051659187;1.3718343331949867;2463.328300327863;0.5900254727567112;4.9884334882734;7.1176902648642715;1.5862801894797953;8.393706527264006e-13;4.8161960576776005e-14;7821614571.99729;884488127.0216881;4.089582150032673;-9.410757052056153;-2.8261722991619;1.0615209563705434;412.00458180818026;21.478441869810503;1260.5519446784476;2673.4672519252063
1505;1.4771257325590486;1.4529192099808674;4401.879321358876;0.09145881413842272;7.5218274339400395;7.998281681854968;9.82734931825086;8.071541301524679e-13;7.245801305248004e-13;8130674264.708452;8539085958.679981;14.493654356426436;7.142997817099918;-1.1220930242576799;326.0365305546271;-275.22042414900545;-24.618950112702183;1823.699284303268;1076.7994187725888
1506;1.2565853120279902;1.703695849545266;1141.3767763836706;0.27102902063595524;3.069046900046414;7.6175168183773785;9.180510899384371;6.757616484102772e-13;1.0706539650173167e-14;7260281495.443011;1003247227.9950752;-9.725564335679415;-14.251033209931563;3.4930623420639435;-19.41727468978584;67.49133440746608;-22.907535245501922;1906.7544303720401;5297.363871514978
1507;1.4391963397151617;1.497291338887774;1470.7305177765563;0.7115850963382837;3.624415513758087;1.85342319314485;4.198835482138941;7.94242084963469e-13;6.011050181620856e-13;3882520189.3523335;5083813199.401366;3.1725983073125406;13.122416871146235;2.7945764173937873;77.6907845260562;-217.2492126977162;-17.903747661936595;1522.87369045052;1891.7565097555914
1508;1.9034269097928282;1.7349477695228315;643.4023319952272;0.12899929458602188;2.2433519363293755;9.51440773336413;6.582983909345197;8.912526482719163e-13;5.684562237980714e-14;9318398400.604029;1957536587.299495;-5.834675468857444;10.10390557422247;-0.5452416689131105;187.68422255443605;-144.08565736919894;6.08481755200397;8157.071004396744;1092.1468968026484
1509;1.2473436509597196;2.0420833952865176;1530.1905932024722;0.03882677405508961;3.8649477028481662;6.7575877886237254;3.6611664320221595;5.71625136004601e-13;9.487267990681496e-13;6289288042.111532;5963899253.79859;-4.815735600826102;10.131629569374724;-3.135318239717799;-82.95652796180703;97.10347407469942;5.615840736235966;1628.6045545627017;4980.567067141402
1510;1.6537185759993023;1.3381768264457077;384.2038546125762;0.4424833494649846;1.4903781133746432;3.736534432767302;0.3266214337961986;7.3588723920936e-13;8.721248897348684e-13;5306279336.908677;1707896935.7106526;3.3439134192399003;8.268233310372441;-1.8919781489822016;162.4522126252876;341.2663678759409;21.874498949211524;3400.99493882546;1652.132180731798
1511;1.406579122342129;1.5096184421825256;4987.591570164271;0.09567531313904909;8.162178459885753;6.587583884943079;5.2012082501871175;1.2591809375427233e-14;9.057884140228205e-13;921631113.4961307;6945691349.366127;9.392511404600569;9.64674478780043;0.8629009396674512;-153.7859777423719;79.41228663305576;21.160040092513224;1176.380366823797;1139.3085059788714
1512;1.4781545547823822;1.4202104867698464;2881.703380960627;0.008193762520163017;5.6505457457782455;3.207084875180906;9.236591458020339;4.717193503939624e-13;3.3769408014105804e-13;3935927145.964628;5651549938.0260725;-9.677583649391078;-2.126425388107654;-3.80614029784676;169.6010524687553;359.2123278776339;14.42641920846736;3391.057339342132;1419.1131200666525
1513;1.5178927173161176;1.3531872193618648;3645.033754462107;0.8969733308669546;6.588036267281085;3.6926713428986306;0.9684899777014581;4.3982018798337907e-13;8.589996716730608e-13;4078100143.3206377;2918730810.837038;11.979236381663831;6.856863156702165;-4.460718215678501;177.32831627731048;-140.93805492583897;-14.734514430126488;1555.9315168658022;1204.8676554569627
1514;1.793719879808374;1.4424435980013892;368.8878832940674;0.1890632226453265;1.4889482190178223;0.8551940245309033;6.932222090017421;3.144001464620233e-13;8.604658856809205e-13;1659295276.927968;7815432934.466172;13.679538224668658;-6.18105646652085;-4.754508674258647;239.66289253307463;194.58549907879407;-15.704537223043701;1103.0537091101403;1505.467062971622
1515;1.9869787629664393;1.2444424853597338;4720.774728189815;0.9633112060608353;8.142289884221395;5.709767158871633;2.519353447471343;5.007972220105556e-13;6.433428100704255e-13;5411156978.175534;4073950560.1955853;-14.853897285477032;13.922681839178008;2.7682756990388775;30.954739021779716;173.16005006286164;8.728469025738843;4413.070278773172;4187.400571845473
1516;1.8309931303145326;1.3513316716694872;1330.352263328108;0.7004253867897142;3.4820295574087736;7.10017200258409;1.298146138647422;5.418995901426863e-13;5.081380676849622e-13;6276879977.583071;2598978202.5945425;0.0671084571745304;12.994336873087835;0.20320231505355046;-43.831387486600704;-407.63204793139494;8.686137174284406;1034.0607952856426;7707.071523092148
1517;1.7686536199400913;1.673407668554601;751.1145018286546;0.9698561502642777;2.441650401683426;2.3698459431422516;0.9350034713935571;2.349582397832041e-13;9.29395242433428e-14;2387840839.148758;943315156.585135;-2.1165302066769005;-6.907733751937675;1.5889113252075928;-331.0115256206815;217.2138955829296;5.041621981099123;1300.282646876534;1174.4484540592157
1518;1.9077287426783998;1.955534803101668;2914.4498403525604;0.26056863595583823;6.265595479073884;6.927211465606986;5.533962384231906;3.3537131213727723e-13;6.547254025461182e-13;4877442475.9715605;6091127291.137415;-12.273218864031609;-6.235350658140904;-1.5682712536079304;258.8166673397126;386.8373955638923;-3.7024571928757775;1273.268482475836;2086.5055801270664
1519;1.3430909212815787;1.3500517924512676;988.3075536244488;0.2021695819653615;2.70160001083244;9.774138413234049;1.8920802540637653;2.015019031869273e-13;2.0353144949891825e-13;4490852560.587815;1985800052.2664633;1.741829706958768;3.4390661817856376;-1.1979889783073006;-277.4220798297712;-240.07051209334452;40.79237516118306;2548.0733988243364;2672.2655062610697
1520;1.3505238712166887;1.4245020197662575;2486.30757117645;0.9859461060292996;5.04737336623746;6.623262591752043;5.291762959731269;7.930057392598866e-13;3.236008995201836e-14;7333716720.622576;1324204408.657601;-11.415991616434194;8.508309725816403;3.419397734064516;45.38341492061785;-170.52723695009027;1.9450377074808818;1133.7395778268806;1294.688232041972
1521;1.767942573859856;2.152354046763741;3618.3917873466685;0.10570384850174364;7.273161296625915;5.703891137578278;2.7540900623883853;6.859061303937333e-13;1.2967555109840555e-13;6329478581.940338;1912353163.3399005;7.490662584527804;-2.408533287477045;1.3416917808331643;-226.99386160128637;41.51501288803071;2.8865079141004024;1705.9638169187501;1037.842392847339
1522;1.1938666527253299;1.3363876515972914;360.55080618682473;0.1511041767835548;1.3509487952507844;8.7980732129339;0.3773128947903491;4.320557264328693e-13;6.797996197411206e-13;6238980768.636087;1620657565.0011523;-3.8269651490902294;6.032906147022693;-4.250500345015883;73.43495408765834;276.5062392392897;0.7781161449666887;1208.8420485711092;2968.4107594652523
1523;2.1801971086002068;1.7681182373547304;192.22280722785274;0.3288417825271498;1.0302605516468812;4.4998101313643195;6.954505629813641;5.745991727484717e-13;5.198746233778389e-13;5145523560.633361;6084605409.523537;6.623492505839671;13.677320735606532;3.3867176488735034;-184.18283729469965;390.4164519157629;4.675169533408193;7603.234017747883;3260.921038200672
1524;1.823008356870261;1.3691958308832346;4403.155103097661;0.72276088062456;7.741279129620814;6.088130860655545;4.173230034109377;4.2459781048401946e-13;8.373838324014469e-13;5144946260.336956;5982027790.040982;8.019469249760881;-6.631801920463392;2.900877512769034;-199.9984851888996;55.045166539283954;20.371647689172537;1088.4884229116076;1175.7306192487515
1525;1.7180464608844566;1.4439924486590459;3508.5662184519624;0.03090655511146556;6.632572998118261;9.593376621716187;5.158206064961142;5.264462483100215e-13;3.7945966072839096e-13;7191388365.45115;4476948816.256825;-3.8954056101855663;-9.930088345203588;-3.5078187706001716;145.5508428335891;-177.20547416987887;-2.997161291730484;4049.880251392497;1474.5795163878486
1526;1.581836984709243;1.2716777593268411;2641.112440822144;0.07337884809091055;5.3038489991053135;8.138270073520745;0.07066114980490748;7.895168980713174e-13;7.400431380382392e-14;8111417253.4591255;231402926.11795163;-2.0852225349433393;-5.854115886480477;-2.353021792861827;-5.610439613000921;37.424280603458655;19.055589344704597;3339.01265704574;1260.665221112226
1527;1.3464993382506956;2.149472897497553;116.4781390090219;0.23497930744649886;0.7084221375657879;1.0370281989769505;9.719455100707485;3.6911060254991623e-13;7.53716480802145e-13;1979810036.005707;8661137695.286558;2.5375583450398764;12.164152636557546;-0.0662460255903845;123.59886655379259;200.80721699566413;17.576095957381877;1069.1511400594727;2655.4003054884342
1528;1.2669489236724703;1.4240375164428007;2842.174395740045;0.15631225760377732;5.461905332275142;3.615607336572566;7.802909793010514;2.639649994625965e-13;2.553166273180246e-13;3126178561.091905;4516664382.3701;2.938940009351178;12.499574679326354;-3.229890851865169;269.8057714739697;80.5794377747218;-6.658802276954142;1571.1498941730779;1307.4963040544233
1529;1.401587849593744;2.1241470207088446;1322.4972636621847;0.06896804355300346;3.5888302921118282;2.626086838377387;1.7570104252458625;8.165477440319532e-13;3.455408251354873e-13;4685924764.988526;2493370578.317181;-8.08437929379095;-14.827600597062936;-4.1052206065157595;257.69506930180364;-263.16141805958574;-33.513406195744544;1229.6063344299737;1570.3474234482217
1530;1.2633485525505463;2.165275488296311;1134.3246763168345;0.2405253272936959;3.20975136487203;1.4954782672030127;7.577333295825066;1.3603496789582315e-13;5.492506305309925e-13;1443328909.7828388;6528200067.895294;-3.7130390654610164;-1.3316089661313022;3.5232979694292528;157.66746394720496;-291.4340667647191;-12.101577693836822;4965.898078016758;5390.621642707942
1531;1.4055742492194863;1.5555176169249056;3201.234009317006;0.4788141898690007;6.1042937631597045;8.582522182588978;6.778852821553167;9.30642020163569e-13;1.5590880900371494e-13;9043754707.46179;3289753879.389008;10.862725289713126;2.7346774287453535;-3.725813675914721;-302.78003691837574;171.75587583102188;-11.433572764062077;2412.869858579744;1327.3973475747546
1532;1.7780874226712309;1.384143073541625;4603.058535931896;0.4113405612439395;7.948808293866542;3.4679432287893905;6.97343405782435;1.9044211414784387e-13;7.517621828491735e-14;2600563513.550476;2316933478.865364;10.327892013400952;-6.29445347470808;0.21535247224868037;-29.325132493786896;113.54615220276088;-11.882264031345418;1771.2869309519365;1312.62091068426
1533;2.027656439894035;1.3609547269310982;2605.0756770859393;0.8899792673943538;5.565369353223426;4.5709687076122405;1.4569066271145075;7.804757655404365e-13;1.333155835888281e-13;6044130234.009757;1410283084.354622;3.328123549006051;-2.898792205660781;-0.7568300996210864;167.2799157875365;81.87235124445165;26.09530658808838;2564.2872043288717;1520.7498061668402
1534;1.9878913177394695;1.8297311557730203;3114.442171548779;0.6575310483307628;6.523154888471184;9.97596493887908;6.4390858341744535;4.4215551292412155e-13;3.489015197921422e-14;6720706930.026222;1516748297.3856583;-6.75092585279182;14.828055537520981;2.2468224123455407;34.47346381146289;-219.89345304393234;-5.753162867630588;1919.0982443853347;1104.2030324516243
1535;1.5785383209058719;1.4771241884464206;3937.4325010912635;0.11451525800425078;7.0813663032970195;3.5884742952893025;3.055730158018707;5.914157651677891e-13;8.56708881804082e-13;4661775410.335282;5177547754.269126;-0.3169765785370853;-0.3538443964479079;-2.867017511761276;134.88677766726133;-182.39105065496048;10.432055395029035;1271.650573320136;1272.8760311301055
1536;1.3940483142182862;1.8970118306951878;1573.6493234801042;0.6808117969869727;3.9384357314300162;1.1353551798867147;0.9715823380645089;3.7872770990346045e-13;6.224309185077684e-13;2098357067.8472705;2488486922.5646243;-1.227309220115382;-1.9816491929652233;-4.112353557588333;185.41769279403232;-151.16184648483247;-10.751665279512974;2887.4249895054454;3475.4822453060406
1537;1.4648769948818192;1.2953047252845336;2264.642101218157;0.5529751719655255;4.734260233734058;3.199168456454861;4.61647691093194;8.862947716079857e-13;9.938409222073052e-13;5388372692.273533;6854310117.438191;-11.044881070789042;-11.674181351271518;2.564352277510123;197.1619190759239;344.0388114028115;3.120268960778942;1031.9161930905098;2433.0932020586347
1538;1.5399070101658103;1.2920095627410724;1305.813504000219;0.5133978124803003;3.307913204111102;1.795771572160188;4.639254442025824;4.1131127165218026e-13;2.259122924694125e-13;2750178167.0950904;3276000849.9682755;-9.899666267744761;-8.086388604621987;-0.7759285218042047;344.69779191400704;-231.2592798379291;-16.745127992995148;1305.4232079574754;1138.6049222474599
1539;1.2631711811120416;2.0234076220422796;2168.370363619677;0.8857017114316652;4.8746507861186315;8.111051106694111;8.845412644183803;7.882961722122375e-13;5.359794518610363e-13;8091578580.836619;6967598184.8888645;10.435447966210468;-11.860393435007172;2.659748500133631;-312.60444977355667;93.2375429887575;6.686268121079077;2626.634956063049;3144.040802053413
1540;2.1320252744891186;1.3384282730114072;2113.0715241737616;0.22556194579135902;4.879156261004739;9.88285808854414;0.52742332729912;2.79828201369426e-13;9.954970175534251e-13;5321535925.826253;2318727042.3616557;14.965893742875526;-13.912018541885987;3.5759686165650013;373.34007296563317;-231.42860168716976;2.916646542842362;3738.924758516534;2006.2899599072516
1541;1.3002029933379085;1.3645649830042155;1732.1026356199952;0.25902067751074;3.9132902917294627;6.844424462206019;5.625045257461732;5.712776268178084e-13;2.0544711424243054e-13;6327644238.760327;3440036190.512635;-8.474662701737408;6.334522826131366;-2.861059466563197;158.26366964172615;117.5745287410511;-8.496761083016324;2921.6874842580078;1380.5964636305484
1542;1.8523761060622603;1.8584796073425252;2894.2444562205765;0.5346559113894359;6.153487835897853;8.428356170629726;9.33715144174289;4.08985415236442e-13;4.982907936262781e-13;5941215820.152102;6902375968.147176;-12.714817194340263;2.2842097977343947;-4.881513336265577;270.0391772181193;-274.2562293528376;-9.782429812936954;2839.4600550100427;2238.4079874106146
1543;1.2028001808994189;1.3193068897472677;1098.8702080030484;0.6827287802210908;2.836777604220265;6.910475066818209;6.579835216487795;8.06450939003527e-13;1.6163539714868114e-13;7554277017.130303;3300089545.862719;-7.043368168122479;11.553941204999646;-0.15472494393599945;123.51825273772143;-192.68258520989568;32.65641968920571;3838.103158475558;3983.1485597198766
1544;1.252095627485156;1.4183287651448904;4394.294762532079;0.9022478469457075;7.284382392809171;2.2433101675604576;4.179408029164972;3.7567701116494075e-13;2.422990359662237e-13;2937662847.022776;3220202685.0016694;-10.993695737979845;-1.9590642000998866;-1.2693746589981103;-203.21280180898125;-183.52137020351037;32.34976612445111;3804.12732940725;2970.8795298945906
1545;2.2347633629866723;1.8243568711700122;3594.979603560806;0.31874471418276296;7.326245078017648;5.350662149094645;5.520708987368807;9.085994026306749e-13;1.7807393383056952e-13;7055697722.211646;3172835690.2312045;8.322618305604188;-4.1214004478532935;-0.938452770597225;-218.61020053681358;-80.27639538240786;-13.111707946352544;1862.898213651344;1002.066113200323
1546;1.3457675712979411;2.0616049222166613;1102.1142028049883;0.21624540441350937;3.1421780276920104;2.3335572754653584;4.943744247403984;3.193031338486479e-13;2.0045073638681196e-13;2762236128.025834;3185530767.545338;8.286408601747823;-0.8062037628879999;2.143507415090296;-202.1383641828783;-191.93068970897704;-29.25941505834815;1083.8336139843848;1271.1646823570497
1547;1.9960766672259034;1.6433290014729878;4447.062134006607;0.5889528672612837;8.140769739173049;8.28987543940307;3.3625185542350384;6.865259394177178e-13;8.614959396984772e-13;7634005287.0434065;5446392556.17285;-9.02842709094499;1.6694889329015545;1.7357353581120698;222.35492532440293;113.86390950731231;-5.828589745197811;2025.9765928632958;3066.9829938973053
1548;1.3443425093520582;1.4198111970651173;2536.7502538914155;0.10958973360380864;5.108723386945598;1.7188844729815125;0.0520667170155626;6.021621936738358e-13;6.841667434006978e-13;3255592693.812574;603964003.9719721;12.419479419800236;8.813131590485266;-4.172710354163152;-209.16961648342783;260.5335491102382;7.758788709204252;1828.1772979640486;3314.6108562782224
1549;1.2245247011097427;1.4520191600222023;1398.6249506845456;0.10667950570890217;3.3983295052397815;4.593290878435662;5.041067506214503;9.384686054891844e-13;8.390984844738764e-13;6643880724.500334;6581391156.211106;3.197466830552038;0.7871024440157743;0.02116885184105488;169.94903145282066;-257.1930039869584;-22.992461094516194;1012.7114422326864;1905.8948559086405
1550;2.3150846718895144;1.4491621697154662;671.3561869880543;0.5126020280227459;2.3341810855528937;3.6121669164124466;9.816031467979018;4.3490914212624403e-13;6.660963462371252e-13;4010819817.4310284;8182508686.251629;9.0154999609869;-0.4324210963544246;-1.2073746801307528;-212.74498662838056;-192.34252278287158;-0.7030666958126445;1507.330647891287;1619.0727729905655
1551;2.176733279538142;1.4633570759285344;3889.8145274412177;0.459105518983852;7.446116627530264;3.146269915181617;2.340962419811691;7.304576230624792e-13;6.914884513084343e-13;4851158673.973372;4071361494.2973995;-8.032359146509053;10.873459005467925;1.692758628486355;-359.99028348021085;-258.0390324184813;6.333519750504208;2216.9007263362378;2066.869688088357
1552;1.4243940014405325;1.2586375677218113;2513.993618235731;0.3346675123708538;5.0279531821788925;6.92951954810566;6.033980088532512;3.063214986850398e-13;7.05153789834046e-13;4662193338.610528;6600758396.930582;12.17519475263898;6.473118561630521;2.2515096181080416;53.59897273537534;-223.00484752777518;2.490538987067901;1528.718188751765;1490.2717055949458
1553;1.4925426501353944;1.5229730054502095;85.8413137976571;0.3312148221883504;0.5502051063579297;4.775700185900712;2.4121369103454295;8.736896179587589e-13;7.582616877519459e-13;6536527505.493181;4327733527.888178;1.3050974905211028;7.578475534894125;4.4396306221911725;82.18538153922644;-147.38922287859;-11.978322937985808;2303.143161280344;4575.0602054718875
1554;1.700490835414529;2.202773894901044;2599.107938391486;0.492574306673108;5.825037557219107;5.191651543777394;5.50179231234789;1.353201042719743e-13;5.985220064688686e-13;2682155223.1846285;5806870434.6976185;1.3335585270650654;8.365572225370407;4.270003880559889;18.682822635818127;-152.95486313131192;-12.804501366079917;1265.4198061968807;3750.01351703194
1555;1.7879460349879073;1.8488292746536839;1656.9081901747666;0.6161593900876354;4.214159509830065;7.156984660023322;7.369637082369663;7.156341355736883e-13;5.71044670116672e-13;7242033769.060801;6564597005.162869;12.552609949040828;-8.285837134053148;-4.976496147876247;155.70904982603852;-267.2299657136642;0.9719390695005745;2275.125796842447;8902.056429376249
1556;1.976922628598302;1.293604296303787;3602.762278745709;0.9356529082105002;6.82709843288533;7.149866670809949;1.3637107146359824;5.932840846447348e-13;7.886465179189983e-13;6590681113.206995;3318580063.074586;-3.4106269256185833;-0.5873622958445175;0.6472976470718219;60.989369676791796;-326.88327489652653;-35.63692828014306;2043.0053703517644;1524.2838939331314
1557;1.2396241086994821;1.3972891650956454;1116.5492256057885;0.5399130585983962;2.909982533118898;3.1694321932042855;0.6773721896683212;7.4564957895344e-13;8.964867519256506e-13;4919354265.666862;2493650574.600162;-3.049452850294866;-11.071854869344122;-4.223633263764048;-58.224503239650886;-138.4804163382668;-25.760039203156904;6771.670874590711;1470.3063795304297
1558;1.9008148176529052;1.3678831847574215;4836.116231443011;0.9557289084801873;8.306076682655897;2.1774937254308893;6.245655857291364;8.64405694148052e-13;2.2020883454225695e-13;4390229705.425144;3752808233.3380957;2.7284463791963773;6.098059825827917;-0.05968069867091508;95.830746741266;-132.6383346230104;-11.694077793854635;5169.126157910163;5693.47983595082
1559;1.4961100180509554;1.2542098192388578;210.57505190651997;0.10389704384786691;0.9705223213176961;7.0434781201736145;3.786755664878695;7.872542522690051e-14;6.947026686168737e-13;2382873957.071852;5190188174.016705;6.441039167626926;-12.100790623259162;1.1139070551382426;-237.96182321698507;-195.76042670873906;-8.35427287040934;1150.8921349487268;1299.4463611049916
1560;1.6679919590282917;1.3588836081713505;4312.086701360748;0.8715319431519654;7.500030493655458;9.700142110159803;6.933028151010011;9.54677119238653e-13;7.859732175672546e-14;9737944246.788076;2362192758.852186;-8.537572217842648;14.736747268108871;1.7688449374462278;307.7227512082587;120.82464623443131;15.060884906273342;1740.0737798388013;3017.7091699251814
1561;2.0993436809715864;1.3174541833092326;3240.245176252643;0.9787952786330455;6.454533528068962;0.10145204579741506;3.457683845164957;1.58982849298949e-13;1.7941925047621812e-13;406401704.6651557;2520444494.4025683;5.735812522755886;-0.9901481135199859;-0.5820861521753287;228.03814391353364;-173.25660293498268;26.096179788446214;1113.3494234767898;7758.991920658058
1562;1.2693480319271517;1.3688060557523187;686.472061183784;0.7839298226683135;2.1043686049085903;5.5040492656125055;7.3358036056532265;4.139947352307971e-14;9.212622791484567e-13;1527525762.9436111;8318891710.263253;13.484116015272068;-9.099810775583414;-1.6006789813859958;-146.5820336991439;-98.7478843986132;34.39550999698539;9528.483216989236;1212.8816994860872
1563;1.4079876400854465;1.9745627585500944;3770.8677619022365;0.745441112112813;7.11730336529363;2.484929475716856;0.03269120261293224;6.116964502414334e-13;6.132912325881989e-13;3945254212.774911;453104948.28419584;-0.3332427584324087;8.748563170276135;2.7774991418367465;-141.1453970536346;-91.32383820055716;-2.805835893927223;1336.1297567954575;2140.2483301300426
1564;1.4437629877300673;1.888804692742601;914.4248782530645;0.8284769635955572;2.754005892189635;7.863971594511639;2.834135500704907;4.569678702226148e-13;3.575883138504555e-14;6066158856.690095;1018713219.9784604;-2.1151934569400446;-14.481055155679211;2.6903307490598847;363.86880485642627;-86.45917558683024;-11.691129709091106;9599.166845591908;1164.1226340890253
1565;1.1325244010395017;1.2105878952274787;4781.626030452939;0.9012148298736069;7.3777050598980685;6.811794526699013;4.67714483205711;7.345614706562514e-13;3.256616543032384e-13;7158051528.641295;3949332506.6215;-11.222740752731756;-10.921093300020356;0.9370808524506034;280.07884050007056;-223.3292742031943;21.13087740027937;1180.3727701186467;1268.037930687803
1566;1.350898601882118;1.938721489711953;3771.6272875331792;0.8950270090921529;7.052465086969415;1.6702325765398762;5.927842749387549;9.550938793692927e-13;9.953300015283882e-13;4041675896.0113;7772878209.772326;-6.726518184219213;2.9936211714045307;0.7516085486921265;162.72936611839518;104.48473923508777;24.722694210462492;1578.105190190369;1325.498055533043
1567;1.7443999690218481;2.0836897055744767;677.7188765250321;0.49629914736215375;2.3621108400939845;7.647283346278162;1.4599177107736618;4.360402147155887e-13;5.262002280035002e-13;5843416488.696768;2804721107.4366374;14.629749514588603;-14.463523981448553;4.728116477878748;-161.0539725394443;-208.45731951924486;20.015337452452087;1916.7802826152808;2243.412562021981
1568;1.6059991173911294;1.323879192676846;958.6780247888322;0.03675766845675854;2.7227319822200347;7.648316510943993;1.9672285038610025;7.579771051191741e-13;7.282957242127795e-13;7704792521.1471615;3830286525.1849594;-1.5275048025396103;2.452264910724974;1.0795295761642576;-206.78412967329248;-240.42749151486558;-7.398891835630696;2883.4685642171808;1146.3166250886381
1569;1.6400486419652893;1.4869115414657235;1731.2108803463107;0.6275338825533332;4.12617157229371;2.7953941723876876;5.7335906308637306;6.623429810761081e-13;7.245305220580253e-13;4354246137.33327;6522163204.765596;14.385555795159082;0.24850346444013383;-0.7950426447281131;184.4055152559057;-322.05544089929265;-14.08278857744418;1164.995529531295;1699.1601436022788
1570;1.3890270631996808;1.7650337135020517;2647.486762533729;0.7764192370238782;5.492698165535757;7.834921213096628;6.187309979264856;7.063978830626924e-13;7.717695273104458e-14;7528214583.224834;2211285045.663027;-7.271407060917019;-6.741488676724133;0.6312139971256858;-127.05963847555127;-112.02400113546166;4.08782697695125;7444.590825859924;1936.0554849471143
1571;1.436806048250507;1.2421126493436099;262.3708216590125;0.813992846121708;1.1139611674407228;3.455250440858229;4.173929589370721;2.8939371699476673e-13;4.810461068215423e-13;3199884427.0773835;4534358875.312761;5.257114072498496;14.111712404305372;-0.5207133954272898;194.42368990326315;-28.14628023893968;-17.204883970828682;1031.5990298288687;2425.0360356916713
1572;1.7987312349394864;1.8577562894905397;1179.7362779689556;0.4504923375101002;3.3662872484484345;0.21992186639910233;6.459100726841279;8.999445621687639e-13;5.723080998439964e-13;1423613386.683009;6152490519.787753;12.376637605113057;-8.96145475175333;-3.6710721750737485;23.309721003774655;214.59092622290498;-38.99675146512779;1122.9901040360387;3702.644259895826
1573;1.2840894180573015;1.8676717605934121;2713.7231638814483;0.4173005173577554;5.582576015324648;2.412087888202584;0.10107766795265867;2.9869871177643895e-13;4.384116617328848e-13;2716209207.6554174;673625678.341606;14.567239075207297;8.057992774849698;-4.072926681729882;396.54843772283994;-262.954424659826;-12.594499386318772;1417.50068611598;1147.4245142773614
1574;1.3968350130509648;1.3692060261366992;2996.595097505821;0.49675127738118663;5.710113837714725;6.608828824854358;9.75268548786395;3.157147627072024e-13;3.214930989109255e-13;4622316453.892449;5666278484.262595;11.340675263903904;-3.5296494932769455;2.3246587072923734;-251.02325089681216;-100.8984714738555;-12.476384376215929;2477.585728214932;4929.58617953146
1575;1.3343918114082909;1.8663693815537064;3287.707537224405;0.8863981343545791;6.377048589592955;5.644807632497182;5.984740841990451;8.781232182784067e-13;7.105746387994218e-13;7124465400.495958;6598990516.432075;-6.820012230020527;3.4690145444943035;-4.717899964359117;-199.37527697808073;355.9191272822169;6.806506349801441;1371.2461641090329;1361.1591111808063
1576;1.324669039587828;1.3356897092895235;624.1892533359137;0.9868910166626814;1.9806030495315334;4.6324638220959145;3.3414040945081602;1.5854617460122347e-13;3.6683907889195774e-13;2742419450.053538;3542846006.589666;8.284451490638201;-11.663570139004221;-0.9416712097791038;-199.24589750770915;322.704853809729;-18.910524644775176;1672.588968201887;1392.9227408786373
1577;1.314431627995438;1.9496043360670028;2667.563999214174;0.011631456393388584;5.583862650165952;0.12176615550223104;0.08641083493743018;3.667265883616175e-14;3.3520635168152253e-13;213837798.50178316;544615752.4579448;-0.8502911125170947;-1.8265569280254397;4.885601454854669;-82.59470252429257;119.27543488396893;14.834044264170977;1171.3362599925401;3855.2118333826165
1578;1.984797857691465;1.1932949052355144;4718.669000724995;0.32895677449460325;8.094842119382951;0.6788137925208018;0.3919681246924273;7.437739953309945e-13;5.878554148755812e-13;2273766178.9774184;1536068613.6644027;-5.898716901994579;-9.780626573388137;2.9039769804024598;145.78796068688595;254.24421663455706;48.84332414289038;1381.8724066953782;1542.9311223891016
1579;1.499684713226821;1.8604045778766363;798.714038660057;0.31951172646017734;2.523389752385594;5.529540866489419;9.784998060167835;9.072568670870308e-14;1.281697580944085e-13;2266520473.569996;3583629744.1976213;-5.444358522729658;4.167705103679108;-2.3494736321933054;-345.0400674508061;-268.6300083292274;-20.999160977232407;1038.448231617536;3363.3721210883887
1580;1.2880382738117573;1.682425653951958;1202.9986201614765;0.7386415616748775;3.182179673726211;8.031476011969842;3.4005741789953214;9.980295997011862e-13;4.120124090977598e-13;9059815896.68223;3787749529.7851777;4.597422309636176;-8.679439163830668;-0.8878343964739663;138.81526723601527;275.2962762819334;-21.871604172814077;4708.699779132736;1023.2354670611044
1581;1.4005612296426526;1.4301908709308202;3794.2643125586756;0.9438284127235785;6.734812620148195;6.850862723897563;2.3009455232662996;3.9752025725192176e-13;7.209477125821597e-13;5280830686.074865;4121497404.654769;13.65822950112755;-1.0363381427655796;2.7391730740893223;175.5553758259814;243.542961759658;5.715205233542344;1508.0042098394938;3597.3317155685017
1582;2.316721104321622;1.295847101547655;1242.476618449434;0.9897494567008596;3.470595653402561;3.335896642669018;7.32483657549395;4.043902926895988e-13;6.942257833124428e-13;3716692509.4554734;7216046409.967239;14.03453738674338;-8.073375243665353;-0.29118331170644396;17.15596681457231;-63.69956621808001;-21.09224682877889;1202.2934664309464;2410.9309009871954
1583;1.6484857782140954;1.3304347727780792;437.4959888083834;0.6943268668265733;1.6228393912478964;0.6698538001923714;8.05464061068022;5.293922943938174e-13;3.3398295068591256e-13;1905587076.8791213;5248500110.677746;10.6783031623203;6.175800867328785;0.9769883720151276;88.33142726146079;-67.62674204855315;-5.7494076666740925;1031.9818146788637;3170.4182615360405
1584;1.2886045158920643;1.3499338992135765;681.1689253670112;0.4755318476315674;2.0936184766339645;0.12265015908025115;6.339898092264632;6.846981912264783e-13;5.939073339983981e-13;927328540.9481856;6209411776.625527;4.102539607439127;11.318452453433842;4.394286541892846;86.36530182192723;134.2614752979781;8.106262879816205;9056.722363561461;1590.3010643459104
1585;1.714699373146968;1.327867332810919;238.96616150669288;0.09858420691626624;1.092054111264038;3.445868558335044;5.07319162306612;5.672337504517441e-14;1.5204872086654802e-13;1414752153.7746203;2810489694.209969;6.959623463834664;7.216397342109907;-4.076022278868003;73.80497981980922;-131.11861264078908;3.6948214220218243;1541.0570167241158;1877.9606384552408
1586;1.9651451728400362;1.315091041917769;2174.767371836545;0.7584651286732828;4.88108940312024;7.6846524708948705;7.060669837557733;7.312558771788813e-13;2.2955556189632556e-13;7585719490.0821;4073960746.8545933;-7.361954704153218;12.984612998216441;1.0188308221964162;218.05875857020024;51.50670934688124;-10.484970963757084;3149.315171206286;1162.8526172132206
1587;1.4378818026189826;1.3460663285157202;3113.3485385249774;0.014922818060215892;5.870098541170267;6.933290268674192;2.6365899502974846;5.408829260169253e-13;3.6067269974925185e-13;6196854595.11828;3120526750.2100873;2.7454612077134044;7.979256390585128;4.840129787997045;-263.67211158229844;7.903242644753362;9.504414750623837;1368.6819845607265;2133.7691831971856
1588;1.9066431904743621;1.4191213155417386;979.4394429504634;0.9810356097288758;2.8810805988084747;4.9728621141788825;5.087027603557703;5.178498951043283e-13;2.943941795610064e-13;5135173639.884558;3916035634.8987017;-0.8623933265065471;6.522914097604833;1.5131863920708755;295.7610329198707;-244.83567425536614;-3.4858238064320908;1261.4898886085293;1020.4908104408337
1589;1.3521965100991025;1.0958332304090903;3305.995139627109;0.5889650744518344;5.8534721175583595;3.8426703730428433;4.6068091281439445;3.4998802722001814e-13;5.014785285482369e-13;3711018660.789663;4863806167.594914;4.6914851903892725;-6.584435529560118;-0.41872191038781104;87.10382046476454;-204.70730277157372;-4.488926732490544;3692.2712772952696;1024.688951544658
1590;1.6617847409290425;1.3821978566128565;4408.124919148978;0.8474549889885292;7.6252923824504935;3.166339992956737;7.003705735981768;9.025811131306299e-13;5.47193516303236e-13;5409683690.940122;6264470884.022695;2.0465105007984263;-8.68502787891876;0.01443794339319826;338.4830140750198;-236.3767985024711;-3.935008656963889;1736.831839508396;1723.1739441601276
1591;1.7921027697970926;1.4951180991581237;1420.0434470932792;0.535589911580231;3.676353238565274;1.2542120041498062;6.483717247351518;2.1262105501740543e-13;8.647627723497243e-13;1652489045.7934482;7577230600.422727;0.6547057678642254;-2.989253273330375;3.28161918041946;-193.95191393681642;-16.975444613787516;1.6985515161449678;1474.1839115300036;6255.953396149594
1592;1.4640720664714224;1.9554198517843553;1947.3960598019296;0.5929471614448617;4.59793931952296;9.06586054609245;9.38049533057606;7.983409788103282e-13;6.796289568821738e-13;8608920683.626022;8079766337.410315;0.9194040001154526;-7.954094219392058;-2.695269549168983;-309.65378636151405;-152.4178672275891;9.760959640409846;1271.1051608020152;2773.3528093600585
1593;1.2954858926979211;1.3618148909720136;2442.1493697942783;0.13858606159437759;4.9158833739095105;8.239215160102889;7.642367659668949;6.91382700473865e-13;2.590535750877272e-13;7637516381.016407;4502551996.720302;-5.3985740890868446;5.977724158712025;-1.3346606801505434;91.13457269907389;-194.5615030052714;-18.789313225178105;1341.9703281057682;5348.407893893647
1594;2.085778008841311;2.1434566290589623;4465.701021589815;0.33131323410860747;8.582626361405227;2.5767656728697115;7.741574447479747;1.990625852075034e-14;4.994669839199219e-14;724740049.6639926;1989839365.4353178;-9.239163479080977;-4.719165576012571;-0.3196875465689253;64.00016896769658;-239.96094595736088;27.938362363923016;1867.6171871969948;1658.8441393421956
1595;1.2834836205688185;2.1947895502523282;3816.0885064633767;0.2402676498338231;7.241136012604814;0.8027451639756399;4.9877681010817945;3.3705593132582334e-13;3.5578019994904215e-13;1664523052.750477;4262790531.421397;-0.9911995580242294;-13.353170078453985;-0.5509954540735702;182.46647949094864;-183.66748787892223;-0.269044412655643;1613.3400045664498;1024.2653905112875
1596;1.3760687548509345;1.3182165356006734;1557.813565578161;0.7522359985033855;3.6595810034735567;4.289938456051427;1.6388552108177734;8.628778399196645e-13;7.632541556899092e-13;6156730833.994823;3578943647.832787;12.016750263804077;0.9272515545362516;-3.0550588139558243;346.32866842545764;-185.65294133119335;26.54306863372898;1913.6655137251475;1168.472548214942
1597;2.1120210235165224;1.2248795990381238;4034.545104299298;0.1859818037789721;7.411691336337097;0.05364143191434827;1.6689244956064937;6.743406458007326e-13;7.861641826012291e-13;608611043.1706673;3665430165.475162;-13.213062242600078;6.061862920022005;4.441460314089129;-407.2811785793184;-266.6416337756708;-3.9207690945518854;1309.723382874385;1573.708187678329
1598;1.6907453362140654;2.005224530975475;2491.7763808283385;0.9582796611401315;5.561458499574001;6.87079152042575;0.14372192508298276;1.056398085236848e-13;2.783049181648434e-13;2726259340.2662706;639988148.6799767;3.501900899807964;-8.91972029025709;0.9459816633154841;150.39862750537083;-112.81767489344674;1.958854908087656;3243.16159966541;1409.7439841360517
1599;1.5262366979916517;2.0748733325416455;2103.694362741646;0.37762251637272237;4.925009540577304;8.991004049499315;0.30172267010486103;3.876482364388793e-14;4.4193038152420506e-13;1889178442.6913486;1168505817.9875605;7.865061080891351;2.0306546999138035;0.7084370531470974;91.68250689858706;-296.37807287337563;-1.7774645336925963;3461.9512639728036;1109.908638045409
1600;1.8999064030344366;2.088868102566113;3886.5727654518937;0.6936775034457111;7.672393712822083;8.252860660088665;5.311466848557906;2.7601490866724345e-13;9.441519757312504e-13;4829681649.229033;7166022526.587056;8.432317529691115;4.049407361966683;2.8998078610760416;24.14095571465745;-144.5878446050061;-5.6167629253825915;1143.5195061522709;1170.2748976329983
1601;1.7889709882814595;1.675417974864542;196.50882141789947;0.7738179349309428;1.0009293704120958;9.122308669107767;8.573743497869922;2.0936400492471908e-13;7.27972213114601e-13;4422352621.597309;7994524224.438249;7.440373711649428;2.2112194236025857;1.4939744636336991;-130.61334414858788;112.60323192365524;10.037592428487875;1177.911631375813;3308.469691242567
1602;1.9152295732720996;1.2857957358729557;1135.9536840337514;0.7732925922572362;3.1400987244886984;8.519731679468567;2.2857148552400273;8.257641748432933e-13;4.933617989163641e-13;8487718268.76164;3398159528.6538014;3.5420434970997086;-7.9319381440864545;1.5261493457323896;-267.531128429173;320.8776712427999;-1.1762294589251916;1055.4644627883588;1340.2874507155705
1603;1.7560949130875014;1.9349891528582053;3797.9701325057285;0.09383550208568747;7.362503696445709;2.004150695447397;7.857282065114943;9.350126995086242e-13;4.1868939579603297e-13;4380502373.495184;5804063177.440948;1.2703538020953893;0.7774062360939649;-4.2333347906375085;-92.15414676149743;89.01476291745499;1.9917049585455684;1091.385223201214;2087.658192803757
1604;1.313754053114252;2.2016822285933904;2989.5658229197916;0.3523719749521125;6.175493568867717;3.7094902157348866;2.836156880225987;5.129804609310779e-13;7.55330170858494e-13;4414255888.259644;4683640141.582966;-3.1827155590657004;-7.1086228684381405;-2.039847439967609;254.25800383128757;-10.35210872746876;10.246032573088314;2327.117478116582;2007.525561794354
1605;1.3770665973129708;1.2254806569454022;4968.675568354635;0.7710956220538074;7.838503410872689;2.7512180156710273;5.762851084512478;8.580130862730147e-13;4.3693246141097285e-13;4916538422.600883;5077802822.205047;-13.881788484387123;4.455090963585214;-1.182032134278356;97.65151882733932;-204.94013179095163;8.84224568254986;2451.4713264336738;1488.3662241754853
1606;1.8387991162520323;1.3814774700622805;1783.2642637850397;0.6919648812352737;4.249926110051487;9.891514818818575;1.3796686614861553;8.317534379274878e-13;7.659075548621934e-13;9178647335.979172;3289467158.4677496;14.254785203769444;0.17496633730596578;0.058650929410947406;273.7025267311819;155.12673250483545;11.463588127257946;2061.5024949288013;1311.4788858602028
1607;1.3431849550688315;1.3851847214088049;466.79467131565247;0.06403843410690768;1.6456021575876525;3.990102593049359;0.40110571568523873;1.66702348973752e-13;2.7325904514735993e-13;2609833907.177561;1059416363.9863596;9.622948056065887;13.973943589660792;-3.9873927182243305;-291.50412358332744;-96.79122012074616;-16.94517585520643;4838.669598391052;1569.854556645886
1608;2.039243714975563;1.9405967041787922;2843.8926504795836;0.22510142393961763;6.225446935733285;7.959538567324396;2.7709759957691937;5.748859531687056e-13;9.463306374731544e-13;6845178421.374263;5181885475.414377;1.002279878384968;13.843356458973119;-2.6445438150052936;-201.37663880547575;-34.704650258838655;21.990347739669538;4298.843142457938;1683.83843789987
1609;1.3637411634835988;1.3865494393220703;4524.733449336214;0.42918962598921373;7.501153371936359;3.3289921830109868;0.06453461713081166;8.050119767319152e-13;7.092912408224288e-13;5238507099.963945;684634287.6935898;-9.762029017545775;7.139745233303781;-3.3804256810973388;-361.81137141553995;260.45674080310613;7.649560990157913;1842.388565348503;1347.114327098334
1610;1.4575852737579476;1.3869048105865376;1000.958686689272;0.5590289499416549;2.774717416982882;8.493151274919827;7.080271304320316;3.8812366407666937e-13;3.1735448108372195e-14;5809910863.512815;1516866100.0667431;-14.310632695724784;13.359985336221655;2.184761144218747;-155.84888754104674;-31.492303519931085;4.940867314722113;1035.474738280654;2047.6458537289664
1611;1.2401339577678245;1.9969654464538775;3634.402063306521;0.6948110210551477;6.843535258429202;0.7307507918775508;1.5658245103797757;6.25314020480318e-13;8.742127029999627e-13;2163135420.6647406;3743950328.070769;-9.080278474700348;-2.018304594335488;-2.194560076941563;190.2122235222807;485.43144860547625;23.6910300453856;1373.2190741568018;1336.8908934581652
1612;1.321242778267108;1.4298361388119085;2215.30257570695;0.06975834616620002;4.660110714994035;5.919265019113209;6.626182206233154;7.498457494723786e-13;4.723177626597278e-13;6741706439.568961;5661073643.695789;-9.327766980662144;-6.348514692581196;2.58177559313265;-74.46044383381886;-221.52241758356476;6.174952360275012;2722.5004658912735;1979.513896276275
1613;1.8062800002974273;1.4704476757953144;3458.469733084883;0.4741808943160448;6.64776950419315;1.5116247210878984;1.8790674866709414;3.150185229914443e-13;4.0451241287067333e-13;2208208191.8183594;2789890087.3181667;1.5004710675787862;14.065272211097547;-0.7996607982366601;269.13474335191637;-147.4167426329388;23.611073216507716;1012.0655698689973;2164.47702836525
1614;1.4009043446215979;1.3482027904744944;1289.2954145745286;0.23118686915659337;3.24767102503794;2.1189884856107546;4.512223339966229;8.706409063928933e-13;2.2041722701129246e-13;4346441221.374344;3191302991.5710173;8.434457640505354;-14.310765521071652;-0.7163622583947715;276.849733992423;6.1631135911782735;-21.1616757239836;2046.51024362809;3502.595557264686
1615;2.0352366968856437;1.8765877682941803;486.0522576672965;0.5559498925983254;1.9062869709895407;2.082495599910343;5.549615574609954;1.9978510173799866e-14;9.359811307940557e-13;652714971.1659378;7293147134.166174;-4.846553826185438;7.198269482791133;0.316532766519698;-366.33903446175907;128.21648991448657;-29.46381726587464;1637.855658042806;1360.765873443876
1616;1.289759470888594;1.3608890179178954;3773.484387312452;0.37304363243760263;6.564761228320752;1.8565308817328012;9.842450783293216;7.131361552053045e-13;6.236858185951014e-14;3682029763.729913;2507174365.920821;13.899817155545911;-7.458061003718768;-1.1720011349243045;18.163678862148288;3.152849534391436;-8.416957180839711;1920.3030990843135;1041.6537508820888
1617;1.4267282455429593;1.5292090753395524;1408.7134167333727;0.48707746376524386;3.5295555745790455;8.127762726004434;4.150536283361538;2.3339328146696898e-14;8.459369958950392e-13;1393733252.3598847;5996130758.729187;10.619955457403165;-5.309214649138376;-2.668576153931866;-83.77894557827453;-333.7890373832546;11.167229278956848;1232.577700496476;1039.3870487275092
1618;1.8708629356466626;1.2584837788333465;2306.3967262173164;0.5146873429950115;4.997050671135261;0.37918894909214973;9.187786083921004;6.878920132320643e-13;3.2010740805953595e-13;1634323207.8644114;5487863218.4745035;14.21697119627926;9.545802107366075;-2.571807206462041;126.28447842697335;-99.6629775743301;19.407076232699165;7152.416513312607;1642.9015154880362
1619;1.5639472135955657;1.3739652562188258;4922.180808261889;0.34220149274827694;8.110690755968305;6.9026533858063885;3.150912064577211;8.106832878213907e-13;5.004045324466778e-13;7569786337.3366785;4018173981.721404;-5.951862265705991;0.9078263175736296;1.7334564710025298;-118.92116242402108;-173.19157681984652;-28.706146344561237;2232.4787545264567;1326.3033506756324
1620;1.5627750320194682;1.5259182027676206;4345.202315948357;0.009901408657375876;7.589353419536106;8.187991229051367;3.27304653943064;5.291074506797631e-13;5.10716796351368e-13;6660557797.482902;4137291673.495107;-2.693697489482364;-14.593099664211692;3.1150351272600627;22.25414346302864;-77.70059262471356;4.857549815532576;1024.9858557478954;1474.665438298635
1621;1.6963457959736201;1.3968522588459693;718.655950888358;0.1461588062704079;2.2878266282629047;8.592863386831828;9.636719320840902;1.6160348852971474e-13;5.101219330808181e-13;3770893767.4850965;7094986634.116191;-2.779830505339744;10.837193855344083;-3.4751894163319372;-379.3254460486112;-364.6309047780467;6.319219985623879;1119.7295638595895;2029.8095982368325
1622;1.4005657762598154;1.2335877642268425;4479.444714201009;0.7981294006370866;7.3446256673230295;8.243749887229658;5.271909498700671;4.990409939947208e-13;3.553682032781738e-13;6490534952.743236;4379991167.287848;-7.658279828679431;-7.585772439810222;-1.6073109196697888;-396.2365948092374;-229.43599563338785;-6.9743231916986135;3217.0981698129285;1210.5222652324278
1623;1.8209147601687787;1.2945061323880582;601.4502667160879;0.6879274645150029;2.036628924928582;4.641277415949479;3.1634192787165665;8.661878295358549e-13;6.106035175297305e-13;6416154022.0475855;4447418596.828766;-8.61632316325094;-14.870651770580128;1.006451308384384;71.6865305660867;-103.40188194769647;-12.833685925714699;1707.682958153788;1602.089500468824
1624;1.3591346593194744;1.3269821354504472;4903.386475607434;0.6118764179683067;7.851974808614815;3.5949967187587193;1.3886654375415224;8.802332376495405e-13;5.932077849792561e-13;5692435379.974622;2904371807.8786097;-2.2869927724857746;-14.669700999478497;-3.2861378737729963;254.96586836758985;-129.7285378509597;3.9975463296537743;1037.5484746798975;3652.4445394850645
1625;1.195233561641364;2.004128845609703;915.2271239891928;0.3530495757519104;2.718401395423572;0.6870651290681676;9.056717615912568;5.556841709634594e-14;6.39331866305141e-13;625263309.2094934;7700139045.629988;-2.0772456543695075;-10.840996923438226;-3.1951554129572077;-317.7750926082134;-200.55608177757273;-32.89589338299406;1444.1812875328787;1457.6062205427927
1626;1.5222046513514593;1.318891062501703;3181.923485955514;0.6729179920444258;5.996460262516163;6.78092497281095;1.8189782570149968;7.458357356917541e-13;1.826343070342544e-13;7196412379.613506;1844399147.3752024;13.439778766730019;12.786856360919145;0.73506172662099;-149.8186858617767;0.036827947703500286;59.15085966231638;2129.8393757113454;2491.6503399638914
1627;1.2931093991606577;1.4370473995170003;2333.0080904438214;0.8919169804768898;4.811493206076631;5.463230110386864;3.875533169346281;2.05149792825787e-13;7.00543813500327e-13;3387741515.984946;5272703599.350217;-5.116986162060499;7.008288384637346;-0.18168588181096101;-170.03130216438922;-334.85921285467003;41.42941464066046;2147.3030041111533;2651.3916649893613
1628;1.383072521081064;2.017288285012263;77.23368151847559;0.8325123100112497;0.5337272074855021;3.327404105720643;6.7395990751754296;6.45618031444058e-13;3.950241333941782e-13;4690191529.862656;5221302123.909005;-13.516408170906518;-10.829649257346489;1.5746899040236437;183.46496454591338;-160.1983929912443;5.962803504132022;1062.7308410585995;1094.3813401998743
1629;1.0990192752719832;1.392794566146424;1074.7428084058715;0.9642181259818076;2.78386441773336;4.4730793297801235;0.25495944542958887;7.983738585560647e-13;9.307067030680578e-13;6047229245.40106;1558805581.2985694;-1.4678122190945366;5.83492021804047;2.7747147312755027;-253.83945881457726;346.5806394383666;0.33053914052282285;4071.8355138010224;2623.431419956444
1630;2.0673918873706363;1.435476075155548;3241.438483464303;0.2241760768490676;6.509879683659007;3.3200641019124464;6.738393289139236;8.414341848115241e-13;9.201155741080493e-13;5348515870.277901;7968000391.840746;-6.199214426141019;-12.228836642952622;-1.649309278606086;138.83961072808165;-101.35864014249461;-23.64028322454428;2422.0180639787545;1024.9737062802662
1631;1.790572622257054;1.730850236919232;3107.2549981417064;0.5653132839962826;6.340115556037736;0.9624906684821445;4.326174429949369;1.7242409411959262e-13;4.803049837284709e-13;1303608605.258009;4612756588.552836;3.863956383203245;-11.088439754906927;-3.5356523137343565;-301.81193273645295;12.813735220778511;5.615582988815044;1264.508819394656;1227.8707919779943
1632;1.9270352913521038;1.3792658565546099;2553.4943712266677;0.7120356726755122;5.4468312792504685;4.77923936057284;1.5454786203199933;6.763567915813405e-14;4.396868210247846e-13;1819354364.6357336;2637868873.7065654;12.319053993143779;14.667041997529381;0.44666584838940615;76.38721641463187;-48.604857563083385;8.224903804702715;1236.7798740732082;1257.754854464264
1633;1.2295919174129009;1.3006092966063094;295.62137514802544;0.37141425222874536;1.1834468520480155;6.303617178958539;9.706126622678202;3.040878926071504e-13;7.696080348898444e-13;4430415501.6000185;8745965326.564407;0.9799360384136673;10.66186089910375;-4.755950066071389;-152.94432287901316;-208.9838925144897;-6.062686218346402;1122.130690357668;1633.6375814205494
1634;1.4142332323357814;1.3745196267741038;134.47186070322854;0.7763585995986847;0.7230430167201102;6.779445758722274;1.7369074253136858;5.973249656054718e-13;9.285155415904318e-13;6439503845.456275;4063805398.4369884;-0.5641874390205093;-11.91752458783047;-2.4921247082753495;-171.46592906727105;-242.58816377309978;-4.629557520399617;3526.0344504809113;1383.2910764302314
1635;1.1316240309590666;1.7437626032909945;4267.5840291696095;0.8236277938337532;7.32194823672104;9.327961543775062;2.2083042469864966;5.627510352480587e-13;8.042175627259236e-13;7331646265.257088;4264481244.7603016;4.0895981007416715;10.755774573107978;1.0820779350152883;-17.1981159577295;-87.21006645514913;-23.27142797207492;2021.840264709328;1139.9278617595035
1636;2.1952265788359386;1.3229492223084365;3916.849111108557;0.20766641152995546;7.396113894071363;4.887524494902664;9.330853572534677;6.139774070277017e-13;1.3384014636696315e-13;5543328897.830859;3576052341.9907937;-13.47185099274038;-0.17539102274638552;2.2481574951105845;-26.17638670455645;120.70778698248998;-7.001461153976546;1232.1437802675023;1847.4838850938363
1637;1.4608959480889434;1.2632432596910992;4917.117919371045;0.7345943569394146;7.903571105712939;6.707510649495668;7.855417634955086;3.473215856164415e-13;4.863616836360966e-13;4884234998.385859;6254812488.092568;6.718976573764291;-3.718671864388641;-1.8675897744944137;374.3416282902837;-99.21901375337862;-9.881931355503161;2931.535241442945;2077.425787935137
1638;1.2830432969126444;1.2928794121422043;2597.4369833315036;0.09652895573037445;5.069293922918347;0.4552721309889034;3.2778708421738685;2.768933610292351e-13;3.4278657015984114e-13;1136165984.6397388;3392015250.4045553;-5.298887786140957;4.705352021008025;0.28369112307046684;-115.36548556358372;260.5177600052281;8.009934846176025;2694.5867420570894;1049.63400981127
1639;1.3762479798678244;1.380711385305569;2943.930258596098;0.8543941322087679;5.636830601403038;0.13761223653405422;6.98573718044293;1.5677273992069397e-13;1.2469396523990612e-13;470017230.5872594;2986612079.9543905;2.0106010899170244;13.59549352210571;-0.03270006707166395;-129.0483187639301;-117.82190210887516;4.855893450285008;2786.8551154226257;1950.405746518228
1640;1.3315817749624237;1.2918640300153952;2905.8521283165046;0.9936749990051846;5.496415506235277;5.460323278403388;1.1555125705859899;4.4842534809007236e-13;6.586103029447261e-13;5007307164.140843;2791589625.625801;12.666369030167523;2.572986305415675;0.8991524693896586;33.085331795009154;122.45571598398523;5.646772269679447;4327.749229953739;1836.0881656105328
1641;1.5541734477869231;1.3633669274840974;310.75657993368765;0.2938714571541615;1.2829971667022837;3.9751501932184246;8.994526630459065;8.408797714274379e-13;8.955218070583326e-13;5850509676.193999;9081910490.38958;9.36761210546301;14.304350685917054;1.1464395432012022;-249.30992527686584;-164.21556330566835;-6.129937751381615;5347.277656860157;1055.974420061137
1642;1.3993224933355202;1.3119432547049927;3190.3055489298486;0.9771617028124386;5.914055542787633;8.135474084560794;7.638592445652806;3.3557178096543757e-13;4.776812877411981e-13;5287302128.889109;6112596976.893612;-1.5015368089580328;11.702188499365505;-3.5533075005155093;-322.65091206736304;162.00488563743613;6.529503851245119;1663.554691718521;2660.768790267316
1643;1.4764263096856987;1.510983502491746;466.91243386408803;0.31071137540124605;1.696400574455321;6.95879815567808;2.467930288220175;8.168071306799649e-13;7.057261041546065e-13;7629162376.977526;4223130610.689087;-4.874219045877073;0.22684887114217034;-3.427952388808512;138.62251874298843;22.60629619000798;4.276862973066696;2469.0488263803195;1828.3133314393397
1644;1.350776917699548;1.3563245709894876;4431.309084410966;0.3194237325764979;7.3586146084059765;4.783348119354158;1.588620945914775;9.847995981602746e-13;1.664323113981332e-13;6945282319.05651;1645428225.439271;4.574474182741341;-14.740251218769599;1.92049661389618;38.47156415234596;-241.0249900810995;6.655990349977772;1323.7463231027975;1131.4467989216437
1645;1.3659336863171212;1.8550931235406547;176.50422066568592;0.18333057788454976;0.9094413433851314;2.131457078125453;5.50533464074027;9.515869652876866e-13;4.4831912545873557e-13;4557351396.542847;5027307763.575078;12.342712648410668;-4.1392889670663955;-4.839053631719514;-281.06207313216396;-154.93936439104448;-9.730384568740917;3872.0870122281217;2252.491560459344
1646;1.4116547806286535;1.393792014306598;897.6570760719775;0.7034162761013267;2.5685074810042727;3.600825354821406;1.2085115965428819;8.255380926594316e-13;6.979080771645754e-13;5517210653.318432;2938830251.450597;6.461079570983703;-6.05632349668752;2.5974978842598206;-103.1675703578354;-278.54983368370245;-11.609604735010222;4304.209180831216;1376.5391982479034
1647;1.5768989595714542;1.5254509172655313;4102.226932652554;0.8424046925227477;7.314476175829429;1.4050649761326373;5.929957874338515;2.970333721511246e-13;7.377647051542046e-13;2067287150.9854834;6693214137.978798;1.679780930312731;8.318597720386446;-0.7070020203218697;-73.40351991920545;-275.85983582118917;6.879061978232975;4441.201096181745;1086.4904345292618
1648;1.26290164051686;1.5936341239854912;630.0305901219893;0.7469430586432538;2.040770478416269;8.803685854899785;3.299573440203333;4.77145432211765e-13;6.826328326768213e-13;6558546955.010528;4802556294.360197;11.929997050547655;1.5619669544868167;-0.3029292725560664;-156.67298369912183;-153.66507420559094;-43.68968241921722;2012.0138973269027;3553.810287355841
1649;1.4013145041421613;1.4164538298904628;368.1389189874597;0.7522806718212595;1.4198727798553623;6.232610252738697;0.40993103400657205;4.325811487988728e-13;9.315195840557118e-13;5254347091.714466;1977431154.7062106;8.765141558313534;6.8029460106812465;-2.539450281196939;104.77990742773473;185.8797313752849;1.0264126051427078;1092.3185932560955;1190.635517927894
1650;1.3975610805497292;1.6472706824590815;4501.026875229566;0.6703857094871217;7.732774662871117;8.690927864913748;7.366329660318379;9.87095286539444e-13;1.2638122259114331e-13;9372654109.406433;3087570122.9995875;0.45749893795150953;-12.142724503014723;-0.48543674967614603;-237.1465812798533;114.62111779153344;20.850483878995586;5356.230071320181;1446.6523230073042
1651;1.3762100788464589;1.368181488474828;3348.8687027046435;0.11789259635622007;6.133202294517781;2.625505298232925;6.721793931784122;2.1302485937736064e-13;9.538675048167838e-13;2393159097.2549195;8102827669.979169;-1.6726579145251677;-13.647021028335999;-0.3446531867876965;244.45754848832703;-258.8382363492688;24.13168346865548;1069.6743483732098;1440.821263302629
1652;1.3252327671480455;1.9985708941117193;303.19959829498663;0.46244688225227226;1.3181678608449852;4.994115894242806;5.332844092889607;9.111503200733929e-14;1.717966073128847e-13;2158610586.144593;3062927473.88292;13.038668308985656;0.907994644761084;3.7024867367985728;217.85994268939422;-292.25487540426525;-10.570811690127439;6966.884811224968;1042.6528659712526
1653;1.305942301367944;1.3540139465145955;1960.251103966283;0.1838557169482633;4.2472303859147535;9.989311438957422;8.304558638895362;4.781571993077204e-13;7.005630843629142e-13;6993637286.13402;7718481733.78762;-9.756687935435279;11.958346090299536;-1.5135881457232392;-160.36584995262973;-132.00289007058802;54.03639074057559;3085.6601089403216;2628.6192733578023
1654;1.8971027776270306;1.3379910957887302;70.94736375732656;0.9275939883094164;0.49605099046864143;2.979760736080653;4.897582828245382;8.759726636494906e-13;6.296009605738827e-15;5169945341.876723;561918802.1083766;7.611730217365487;11.147928914227574;4.451604369385546;66.79185446821924;-72.85331440693328;2.5753046657594973;1087.6658029461053;4610.970432489535
1655;1.3105071588892079;1.3344534659427514;617.0275942582449;0.7611387772491307;1.9616249578370943;2.678704803296823;6.332754417925147;5.393531105453805e-13;3.449031971692265e-13;3846351770.6007824;4729278739.432733;-2.752485502915313;-5.935385709894099;3.6450911302093107;50.41519888252617;153.56128431945197;25.25138093856013;1405.0841467598148;3042.94149652768
1656;1.5048478156192386;1.461432416828579;3321.9719731097484;0.6153220920440666;6.260483647572709;4.954731144882597;3.5208715137113074;7.411915962232228e-14;4.518950688231919e-13;1939211903.8928232;4036396935.8901453;-6.08482684191223;11.1603320017182;-2.032361380467372;173.13170491876176;-293.918789603176;9.088775891302323;1069.4587012660415;2858.2707290309086
1657;1.627491298320851;1.2823412167081156;862.5743429459056;0.4855996376150552;2.531785287290899;5.104530517105851;8.698950710650339;5.745830403489051e-13;6.673499331347786e-13;5480299356.796295;7710103783.54113;-5.2897321992812465;11.564404078587884;-1.503043937849128;147.8583970806632;-216.34885179613372;9.846257952013332;4494.364770842258;1573.5229981372831
1658;1.429550740742631;1.4011885353381703;2003.338406626933;0.37590246484610335;4.3995610843052315;2.8169889754739033;6.150413373635966;7.551735974061695e-13;8.726627230369542e-13;4667302513.470965;7413535025.895963;2.0798591604528305;-13.158570379001027;-4.96234743532893;-97.14491418215736;-157.13951013783776;-7.319921665805742;8293.457382707864;1043.1030336837603
1659;1.5399025719107964;1.4319517164598201;3795.8457256549227;0.795819693520913;6.846806531755155;1.6592989420644393;3.8042567230913122;1.961526420713352e-13;1.773642967969296e-14;1825615765.6731653;831223833.97657;5.1866545493403216;-11.082490779305392;-2.384770083075888;-157.11080696081538;-143.49721906454528;52.0686459111018;1240.3559003190458;2088.451785559378
1660;1.400239842621911;1.6607473360325382;4437.76293586666;0.78465156848423;7.673669423908199;7.262507892374526;4.0778834211653825;6.673363321947807e-13;4.715214629193863e-13;7044751399.828991;4437293077.671697;6.562450834487777;10.426087718701627;1.7627954771615624;-32.87178294346984;-233.07851536471668;20.28692343133214;1007.6051239458706;1207.3344521454505
1661;1.485768741515089;2.075220562896958;80.18622644727589;0.27240770052096597;0.5557292520236888;5.550664988155365;8.633420338569744;4.5235441448855296e-13;7.873045083488915e-13;5070629781.592095;8342818404.560668;-9.630486541796357;4.509903211194338;0.9811105113171346;291.0840449578676;-66.92335334136985;7.554836686128343;3024.015187936834;1152.9425826589422
1662;1.3773330087457718;1.360691832077994;2454.4680102120537;0.004867415071653003;4.9818490281754295;6.8547064275112435;6.724854003532612;9.86665088702453e-14;1.8657499697741606e-14;2631657028.173992;1133491140.7469604;-3.2779721927768577;8.597875107092612;-1.5676852148549658;205.84576545248933;-3.841673709079032;5.641401862688804;2242.55550434104;1359.5588485112337
1663;1.455100018053325;1.3998986023827908;4434.0790934546985;0.772356624939149;7.49337456049692;0.9695304463022799;5.247778009590558;5.391933840276409e-13;9.378895384897061e-13;2313678343.9229074;7099267681.813096;7.077441446280332;-7.742096610560329;2.6365672690764157;-351.75343020497223;-2.281600119114671;-5.3734694918180175;2716.721724630004;1738.2488345500005
1664;1.2971595286545665;2.242147006104318;2088.8896219629546;0.16838012785829493;4.873671327680857;4.742200761775761;9.693234202565634;5.988668803774393e-13;6.159829567730942e-14;5392685512.580946;2472684345.877054;10.465223931684946;9.347043792487955;2.9444047556842605;-73.99678016845468;132.25813257838507;-9.061168337292761;1181.8013662711603;1493.194144501473
1665;1.6499934957228664;2.304313323009006;1511.3315827787915;0.8308562378560895;4.075708766172027;0.5270055523478362;0.29100649939040574;2.033045928929723e-13;7.39263795324463e-13;1047444857.0447551;1484229439.3533633;-9.256991480126967;-13.506275018750294;4.399532395527434;278.56040704701957;250.03803116053743;29.14930154280841;3801.9958126073734;2028.7247316235027
1666;1.4415267091632806;1.4756477500060126;1327.0986299340577;0.1520603398758409;3.37698748879666;5.035491665938426;7.252125535349186;7.987288350045936e-14;6.276225445506575e-13;2029413760.0348005;6827031435.010516;8.620092682786595;14.064524623903061;-2.8966939425730933;-0.4457551950144989;56.429321107465825;-1.4477401755256614;1201.8398758684023;4380.342818583825
1667;1.3557151414380881;1.3774069863996958;2632.8094182216673;0.8836205596812717;5.2172199337140786;3.7924443674513166;5.275638586092634;8.183195092784873e-13;6.603523683806405e-13;5637298610.920353;5972764155.303373;8.44983897349228;-12.318791198479488;-1.9686885980139621;231.45698190255808;-79.99745034274113;-49.85648544477904;1192.3441882827426;2562.251524479726
1668;1.6810646244534848;1.9295524681456508;4412.4518965947345;0.8721436121584337;8.077066355502096;5.965755705952724;4.025987802607091;1.7128879012690008e-13;9.30765229545705e-13;3234798118.762375;6194500341.683419;10.240613411599252;0.011150462934036653;-2.565167192595812;256.79729054491634;223.27141467476946;-12.053666988816909;2495.5868000162786;1003.8950623465981
1669;1.3750320741733597;1.331054025575001;4218.3999127112875;0.3378425236058247;7.120091148083967;6.34022827078097;6.1775965271375135;5.928635443304803e-13;2.987501044795177e-13;6204114416.568272;4347241643.277481;9.808212593935135;4.938458029623497;-1.9849313362686805;-268.19446128388665;45.36307782367875;30.98971322953928;1334.3568726007977;1596.8401097977855
1670;2.038925073557614;1.2306313416210635;4653.341326548122;0.07805838275986698;8.096165955486125;4.998248004965856;5.842444765823689;6.088010276294413e-13;2.694993472300259e-13;5582086568.920711;4015375314.751752;8.279289402930427;-13.229514447997877;3.808476791886516;31.366972779932013;-256.21442447458566;-8.924340932836841;1707.4526075803499;2292.9669990673615
1671;1.404097045436166;1.394628365614903;4854.215107413657;0.12684421615326769;7.90689476979575;5.406722088575986;8.80137817465639;4.330740790740819e-13;3.0513168517547924e-13;4896639110.515713;5244075951.779092;-7.5035918216728215;11.96812841802268;-0.2742488497987692;-458.04801772619993;-164.76408887356735;-23.762309001708793;1154.5115093649445;1644.1967411239207
1672;1.3813832774470356;1.966185363958147;4517.901667192498;0.18879035217303342;8.000937232430863;8.718060065799627;5.692962354574295;8.206591161149211e-13;1.3517320018093687e-13;8559360255.920985;2807142323.675212;6.480298336270906;-11.838977790882387;1.4218336217037635;81.27662693655385;-219.30197090857507;16.834701193344802;6296.455655309107;3492.6336971025908
1673;1.9178164255886576;1.3904279813539768;1657.4299340587054;0.9510306084221178;4.084094959647695;2.115549062131296;8.655148521668885;7.973941128167914e-13;3.426420297860344e-13;4156215346.128044;5510710009.922281;11.005812388970522;-5.934241521446271;0.5372325838653369;-133.7786198783853;-154.39555950225633;6.02777547276507;1552.474730136108;1007.193239808069
1674;1.5337944991432084;1.6970164657254942;3202.6982742028977;0.44422304814210756;6.286193088761356;5.886471599908171;3.3301953925752414;8.896803058568701e-13;5.038079386073247e-14;7323092053.16051;1310742373.2047322;13.48234759994418;10.170945013185321;1.5332135088612509;261.65680953431854;-65.9366959851952;5.14009611523671;6587.856134025002;1038.3769757025157
1675;1.2156966845060926;1.9314336036113073;2312.1740001723438;0.09947579215697988;5.014855612805359;5.567663751848543;4.855471537878401;4.2647402100310074e-13;3.2359641028466664e-13;4930974632.455855;4011137339.626187;4.449299324293161;2.2737758024602854;3.1950878867152905;88.52444210795275;-57.60315620357392;2.245019254163522;2106.7574573046045;2596.9037473072417
1676;1.3405990042614475;1.4712395411541905;4441.920485065546;0.3250326031331784;7.4642096699356175;3.216490250480384;6.637721379183181;1.3753814658028069e-13;4.678614421877458e-13;2128397214.1630082;5639208021.38066;10.676166803640424;13.79197683914979;-0.2626282109772724;269.425462838499;-200.7426486380186;2.788386747625244;1160.4869286806677;1396.2853019648187
1677;1.7192867825570504;1.3491418206171286;937.8197332153214;0.5301061496421985;2.724738127578555;6.934427946280457;1.6869897721321783;7.407438614304426e-13;9.412834818422003e-13;7252526575.02797;4032426144.521225;9.831268979849654;2.340231820736875;1.7901891861663577;-94.12624988731866;235.1228034437773;-37.91080343279382;3169.2461665466044;2407.388967688251
1678;1.451681989126435;1.3924226675058482;1799.056699224534;0.6079285996454155;4.101583984243725;7.354184035463953;7.234232453651535;4.723125990581509e-13;3.9514850743628543e-13;5963922489.737561;5410362708.97222;0.45326568106169063;2.0596447393894834;0.9120583449071962;-459.478714141076;-8.503029569370199;-0.7893206629507763;1683.9050920740985;2109.5013321088513
1679;1.289875036101344;1.742251534260178;1071.867091955896;0.29271103005854704;2.9667634324064394;0.6579782999625492;5.0118657506602124;7.754050981930454e-13;1.3894231438506279e-13;2285704534.2089734;2670342435.3943353;-12.631232444827324;2.6640184221747276;-1.5600830909496821;350.54539786168345;111.4872795380878;12.399334741011756;2143.204804343401;2593.5718300194985
1680;1.495534544086081;1.7748588378919405;3725.604990396466;0.8514460216750143;6.981322809035617;4.470687181954932;0.8255587783434818;4.3406960541265594e-13;2.2335941046406142e-14;4457761284.656757;434536343.43176913;13.932958023642065;7.118204372300248;-0.3262063785376448;-41.05947110803356;124.43951230717798;0.42933743826240967;1033.6739248520296;1377.555404683593
1681;1.3838123591706606;1.4150478559670507;2324.3561199441187;0.3546385779084772;4.839517135441257;4.266697020495372;9.536751313694316;4.801550674750669e-13;8.865141963314574e-13;4580223165.381947;9304500307.221249;8.795338296061523;8.957666241480645;-0.6247892260290842;-158.34531866921827;-157.42794012107967;32.82921801143412;1669.2902946641645;2257.5150716291178
1682;2.1868819960374823;1.257071375042721;817.429606497182;0.3372505069651428;2.583801702734928;4.529453627014026;0.9317724475012369;1.6477059405165602e-13;2.356562721778203e-13;2764475471.4212785;1499492894.3214529;-6.653846968520984;-13.358026724874088;-0.7936653952608612;332.2610630382553;-160.60835259248904;7.721272247164318;1805.0206470592693;4431.695682582819
1683;1.243635510461836;1.8752757892417344;2443.819658306763;0.28000023705971444;5.18784462848947;9.286870351904177;8.38672530810123;4.499607792959144e-13;6.871580218663674e-13;6541419478.111182;7682003453.784094;11.97223582364699;-14.34514663555594;0.24142401495863108;289.9611107053853;-263.5378109638317;-9.00571271676304;1078.714334380421;1424.9793933703295
1684;2.121043457628999;1.2948235311611227;1960.2607897699813;0.14383896992305745;4.616534328828114;7.0025955359772425;7.613509389723296;2.1318977782060382e-13;3.339993347656225e-13;3909873334.7234173;5102878443.6952715;-5.968672659882261;-0.7918383628175008;-2.8363240475607854;229.3356684225425;-1.4562982353776306;26.44023228065534;1227.927718928361;1400.4789936603606
1685;1.2136716788236925;1.4272503528119131;1006.0257961699144;0.024031560830778953;2.716008478942851;8.364930654347136;2.044267734240588;7.656319994063117e-13;3.2696723748261536e-13;8098250173.800347;2616200258.9810247;9.939056282548819;-12.415270613861521;4.093122044336823;421.89867104415566;-214.49577430344075;1.3387864554458757;1700.2743021540946;1213.5346856104784
1686;1.3780495408579025;1.6913489053470891;4951.64959708202;0.014806752336920304;8.262742325347611;0.02403170944486464;4.882086032181403;2.2231909680807927e-13;4.3146154927370316e-13;233900255.00331056;4644337176.398452;12.102079181009998;5.049727287202657;-1.8213248594935005;-157.3590211377212;-128.09308907340517;3.5151138594173363;1384.198253979974;2235.634747235234
1687;1.9760316138113114;1.3795755013003344;1623.8566214084321;0.9576949424789912;4.047889726112801;8.866632460697906;5.408569477522927;3.571952692966066e-13;2.939260249848946e-14;5694848575.355006;1275881103.8808172;3.6752632030299424;10.143586693843336;-1.4609752758903616;-60.978819331970755;-217.21984192436696;-13.296947949159867;1147.235587701084;3540.501424861199
1688;1.4081784204480383;1.8858698651425783;3073.8857188204743;0.4832420572709898;6.156137556368297;7.556280726771898;1.2058031686034087;4.993296915597821e-13;8.921448856056849e-14;6215809788.297462;1049556647.8445365;-3.694672531868301;8.515303937633693;-0.9713538068906233;-252.26968811975956;122.76975645267426;21.415186813390914;1025.656645442292;1501.9379403562864
1689;1.4495890220338252;2.221707298326564;4614.118161267767;0.5043235321232007;8.36768785897381;1.051453607727028;5.879252780372429;2.857454709493714e-13;1.9033875338700652e-13;1754020697.919749;3385124571.629081;-3.3968485728171736;-8.446536691345425;1.0495994745136379;-301.93983327457636;-208.63590029153212;-0.5260129937388269;1913.6168475145498;1018.7754498428221
1690;1.3861848983045857;1.710160293062157;1410.1524564541567;0.5471835277206522;3.5870190755535325;7.182024823460121;6.284083525174259;7.656553064413843e-13;5.195716237485328e-13;7503952523.227884;5782207395.5271635;-5.263526756307433;1.0424118148088404;4.132972475886829;-222.35189019425866;-14.499644658143382;-4.6680924515222895;2037.4562897069957;2703.1267744030974
1691;1.3608099826153728;1.6753643540858985;2275.3692159779866;0.7014394974225663;4.902489483206003;0.44148946195422933;2.191089811972715;4.841670683855847e-13;1.1259817596326438e-13;1479475482.4664335;1589445882.654126;6.305681492205483;-12.810435325481262;-3.6032498370965627;321.0144203804268;260.5516099433928;-12.88406657175483;1269.2659874075975;1078.5495200432258
1692;1.3981261937589302;1.3253098735748496;2052.7089510082938;0.7285027296659672;4.414320169304039;0.9862069249005159;3.38226464842327;3.29498138290501e-13;4.3702217369768267e-14;1824149736.236842;1230284373.7294888;-8.867764766112021;-9.178549079100465;2.2925015523801395;313.1208894252633;-202.5333767177232;-16.618208568338027;1747.4367925077993;1429.0608621800095
1693;1.557658467618892;2.1228426725851293;3539.3668888424268;0.7990243278875394;7.0176637988668045;9.6523873551327;2.896764098816332;6.11691336902839e-13;7.539259875512741e-13;7775592895.065136;4729017267.378981;2.257698741623507;5.72910029289136;3.5957673635939287;258.77876144593534;303.4025671638619;34.911873726096566;1271.9449239706842;1522.9167932724226
1694;1.345213324692576;1.283439175551444;3551.04468796662;0.5972645034808097;6.286684532669519;6.5224258370118156;5.733122949923196;2.581493898280308e-13;3.787866715609576e-13;4152313205.941646;4715665057.324973;14.402711783093565;0.4583964693619098;3.458933495690614;145.38923338231817;-68.36230125449843;-18.172941670251664;3877.2935997980653;2288.8981606388206
1695;1.3911537844311557;2.067342509927068;4996.658194374606;0.13685207793895382;8.650118353518616;6.949934231098398;4.745291335525995;3.286148449350114e-13;7.380845501501313e-13;4835973528.766251;5988726450.598769;6.144791797434777;11.18994616275323;-3.636987942007517;164.40985676664414;287.07033871504206;33.24876950210531;2129.9858092064364;1396.6238991668004
1696;1.579884451756124;1.514071247315664;171.5422946009555;0.24781731700732357;0.8804243065190961;5.356991324094646;1.2715510961321694;5.188528638956824e-13;5.49614975403739e-13;5334977092.115515;2675137845.067963;-9.34134326175731;0.5717744222992209;4.003018167474098;113.94086294737014;210.48483690114873;17.92890288370141;1661.6285502479573;1276.073555210296
1697;1.5898497190450696;1.2365883754582048;4748.412431154218;0.6865217544226471;7.817213350682317;1.8313495365255732;9.022128713488309;7.130663324786137e-13;4.987496738091093e-13;3656794588.4840465;6788061993.666587;2.9364493306456865;-1.42743442369928;4.585496668393885;-78.74187180811344;182.56950809379853;19.42808150289179;5280.337974429049;2701.171244354841
1698;1.591338718237638;1.4961240798149156;504.30083212489006;0.10425445176254367;1.8055113292358063;7.323603496028421;5.180088267272576;7.783038071100307e-13;3.366227060217226e-13;7639887568.746421;4225618271.7795596;-7.142585784049636;-4.639541974963564;1.0354525725484196;-297.8373837161628;-216.13347805916135;-11.662132811402326;1804.3741677236808;1212.8711125352356
1699;1.4690894266921566;1.6856277985186128;2340.21533582942;0.5193162190190537;5.059378955602702;3.4555156321287948;3.652684615436012;1.701484555165486e-13;8.1251233413415e-13;2453694079.072786;5512784898.769102;4.705020874201615;-14.730505507693458;-2.1514097289099854;127.19951496300402;-11.952709734173624;-48.09116702801455;1254.0374997422707;8479.137550588808
1700;1.4272952174899114;2.0499141359873754;2285.875383269947;0.8213422561009809;5.1449974494043405;8.143262023945509;0.599363468263312;4.281672097399679e-13;8.464971286268243e-13;5975247313.433623;2279333415.2906137;-0.6298704442093488;6.118220317091684;3.533431985292083;162.51500172289434;-226.53883199815903;-2.720755303916661;3065.127524802919;1362.7578425819004
1701;1.3815386701306707;1.2655966552078168;3741.3601095904746;0.198806016987931;6.524565155909458;6.196895771037971;7.44803992438508;3.3302806947052833e-13;5.442469561705194e-13;4597031652.041336;6442715896.019224;0.9945288797448395;-5.009660387435776;3.8794546215000754;-284.86540444819957;-173.69187357928865;18.253443616769637;2705.2273113120514;1735.0011749074006
1702;2.036991378531676;1.1353992756219586;1073.7904725299577;0.16804690212723739;3.015424332818939;0.9999384886632812;3.9170773900082505;8.788825219811051e-13;2.540069752400092e-13;2999867236.729279;3191933801.205523;-14.301673178292432;-12.743584483048963;-3.952278916460944;123.06092589533199;129.9910354053107;-9.43859732825711;1755.1508819382404;2384.525863064216
1703;1.5672971307923498;1.4338396099277633;1844.5076554509296;0.4722968616185169;4.245759788304288;5.754486233135499;8.289637306688784;7.887065144931777e-13;6.821392692311421e-13;6817277461.235183;7609467541.034472;-14.259234944934322;11.862283290678683;-1.8225014792932925;59.98642153314459;46.828202643420184;25.970938237164322;5473.373907851314;1047.9504094660583
1704;1.2458411455566882;1.2682999551264897;4900.10380175527;0.9862343373202738;7.677265965505018;4.775875053967541;5.053973156054846;5.215939198599113e-13;8.76092028920969e-13;5050597001.864173;6733506880.306731;1.0462670023687686;11.773372365172051;1.465295716462256;-120.26310968825709;-258.79587772590736;-37.65397152711138;3478.51980369368;1015.7891715526179
1705;1.840136219418281;2.0781148186042366;4597.5869527972045;0.467866295928715;8.530815914811853;3.4909414496145983;6.064904916464617;6.371657550007376e-13;6.811289545876206e-13;4772516888.050607;6503941821.476467;3.693461928778195;6.399255046620716;-3.1697879252220607;183.8678405206004;242.7143022341885;-11.652260221978676;1146.679643181687;1129.5971212157283
1706;2.151769247465495;1.214539828330137;3054.855532871244;0.2000915063986668;6.175208572587915;0.62483010358045;1.5404829523309154;8.271785906978954e-13;3.600478820608099e-14;2300544262.8504753;753630657.100433;9.026410234806324;6.577574842593041;-0.9909996999320256;-268.12915187423573;-156.3433613435671;9.989336506334507;2910.469698783716;1916.7188449584528
1707;1.4133228141312806;1.6174654888059132;4499.576653554558;0.1276547085534796;7.71920937607062;4.174926834407267;0.3274177723444806;8.643953284460889e-13;9.006826552161573e-13;6078978652.964855;1737748821.79684;3.5144388468017844;13.685144028917541;4.8524703152709545;262.5484316745459;-329.3274854279141;-23.165874935339907;1027.1005988165332;1908.6048845289988
1708;1.3947320580732776;1.3900852660212044;1053.1818070210436;0.5089633436154226;2.8501933327748086;1.1563974658490161;9.293950717363261;7.310920479741873e-13;7.150304865487685e-13;2942317765.6018577;8249211536.794317;-5.927723358506693;5.0025489404463634;4.303560359274773;-215.7878464730704;-220.19536010252475;-12.671411333704002;1147.2272000501237;1033.751548837447
1709;2.139326197626492;1.3163786165988196;2912.4904151786286;0.4919674246351826;6.034320866796102;7.519055223093407;1.844876862340435;8.48879658756987e-13;8.444720406181573e-13;8084528177.155041;3994167816.8511734;9.201920192527894;5.935746539265761;3.513610920572722;-186.0112375149416;222.46834096059354;-12.866304885089365;4782.392774448244;1162.4576177499384
1710;1.765340425858996;1.7223921257636141;279.53951853808724;0.4840962219807967;1.2688678212339604;8.389325079648941;2.6376907410723645;8.471373345268827e-13;9.963670455851858e-13;8530812586.224252;5187661058.69501;-11.511976362722486;13.071944357690167;1.6091068081450608;-196.2383052714226;230.91857617773627;-17.555131817192926;1009.8292296383039;1156.4323021391936
1711;1.3148956118628463;1.3650266145371954;1358.157736358406;0.9228655760156184;3.333860229938241;5.0900438254968385;5.707118799094258;5.383982715375764e-13;1.4068084103192396e-13;5297397565.638021;2867318341.353643;-5.364251292501409;0.07328983867379435;0.3869259109952816;-113.84755171058302;-235.0686908049123;-14.26188212941773;1088.5052529463153;1486.36097095185
1712;2.0830628458285902;1.9004312754042305;3878.101847533284;0.9893005439389043;7.65785932472554;3.0652169638555304;9.210413536028751;3.1987117339753603e-13;2.8986624445819374e-13;3168605270.5776043;5228635475.106159;12.280444285738934;12.745962466528972;2.0589594020529987;-118.28138887545153;352.77404629760605;-6.811726427985884;2588.0548380120576;1716.5128045712363
1713;1.6417642603875533;2.0000168475590656;4725.816439455895;0.0830640352886951;8.479346102762278;6.46395206723448;7.504910246646336;4.970844679452031e-14;1.842674938319136e-13;1813903332.1388705;3763111567.1010346;12.397208550655733;-9.083074906344333;4.495967761013361;112.1589178383168;-184.54834645183618;6.5780337645448625;3808.7052145101025;1025.8774702226485
1714;1.612611327759438;1.3661055229366164;2586.483542025927;0.6781719761874186;5.305863469805768;5.904503667277997;2.372269240552146;1.1073727634472814e-13;2.337721951790871e-13;2587549075.833323;2383023881.604576;-5.751313261147995;-5.664955602533979;2.6362238996552447;118.77163062560297;-84.80393048591806;-39.08721809249254;4648.393386321513;3551.2999731263494
1715;1.3517551342255183;1.3853029222102955;2977.822902272734;0.29909957831279776;5.666311301696695;5.737358876716496;2.268730485353816;8.96436750084911e-13;1.380880267201703e-13;7257145203.044308;1791098389.9930801;-12.313834560967951;9.170813483100662;0.3970180861329595;98.70888389167713;5.623436527415095;-19.615825312600755;1058.8433548395908;2021.0618087480882
1716;1.3383821284908433;1.3053787728774502;4447.752444393938;0.37961904058372387;7.318818549414153;6.49093151665972;0.23579613969412694;3.122066977858596e-13;7.365623911853267e-13;4555379884.74659;1333592344.4929657;-0.6894795723763618;-0.7269817067571065;1.0176013710587704;164.36781784083752;-59.50388592230311;-4.080831495780619;5074.162956900411;1190.4538900816121
1717;1.4040725100462688;1.2033337948566043;665.0161606018604;0.20122857070405975;2.052252941805831;2.068134857199662;9.24271364187597;6.982479704345435e-13;3.941749088415936e-13;3845424124.623432;6107932306.934207;11.319037058544513;1.0193691316917644;-3.81720791954135;201.446901584716;104.39650527742477;-29.305416968861547;1263.7747118211637;1229.5214622495187
1718;1.3914064181642365;1.671892503051391;4235.048358841435;0.3865803794425533;7.440039228827975;5.402012255936784;4.291141548627163;6.279724215425668e-13;8.755882111100941e-13;5893835992.615306;6202779621.294828;9.945081158291533;-11.126809136176387;3.6791359369400194;156.91749104668475;-213.87108533801134;25.92046892378713;1176.6419425604483;2082.01992499145
1719;1.4005583402054997;1.4898729701594489;4343.301463819533;0.6275148018460691;7.421198546096301;7.053201056668972;3.683180666549158;9.507234038896946e-13;5.503573585705903e-13;8286482218.964008;4556001708.4796915;-6.277345111533055;-5.690765416157294;1.1931752214219493;128.02746951629072;367.806033027756;0.3043279292631541;2128.641703940178;1424.6060035676567
1720;2.048632301272249;1.2561159483653666;544.7228507028883;0.5731810802340326;1.9443287889451613;3.910994130184498;1.150327390372616;5.422980566430483e-15;5.849088375923262e-13;466028615.50913554;2624851874.8979797;10.176328675209195;10.935853388864476;-2.7772046736830447;-127.52684208583757;187.68960449854387;-5.026915025963488;1412.4453448103452;2143.0019760335854
1721;1.5625635642952198;2.1387046559101113;4863.776330915863;0.9233563352045896;8.690386655744717;8.18623888366424;0.6696495436796579;1.5670459446928532e-13;8.542267371811165e-13;3624374365.8197603;2420250660.213427;1.1947134552031535;-10.358739549710439;-4.699284504011647;203.83448223769233;-245.70447505010273;11.779103254737496;2559.287985552278;1875.224466050431
1722;1.407742039812098;2.370451118366126;1544.025924531072;0.5046356453936265;4.071967421077599;8.995132118146044;6.489556537972643;5.06012744328088e-13;8.060999322246339e-13;6827071937.826297;7319003095.694074;-11.063672174947223;5.813573586676306;-1.0174844301829946;-343.96945224211765;277.6281859831936;-6.597540913497938;3682.088242206534;3910.860784468641
1723;2.0850985984613515;2.420463009022437;1355.3089876964118;0.22128889021468356;3.958661554069365;2.3319730127414564;7.453707167395607;2.508830993504926e-13;9.42614638619866e-13;2447639433.9183235;8482096941.018929;-4.395530383387925;-8.674259771236319;-3.1957904549381064;168.12162213096076;205.76205512755553;-13.866436157379772;1076.4319307256385;1084.96152882749
1724;1.8513374759594599;1.356366327038642;4522.610751539222;0.4512240924742994;7.893399378855665;3.5879041364636355;7.462797254815449;5.786392454026233e-13;9.380049582654636e-13;4610779319.714483;8466489359.473561;-1.6807693528171583;-14.05850579774134;0.7436929244052664;-8.637104703194638;111.87402899633551;-42.17050466488671;1236.2607281144278;2747.7540787313724
1725;1.57901053322912;1.284778040952432;4437.5133610579405;0.6525544235942016;7.504929496947969;5.8666925182449265;0.19099463306781772;6.769607296242063e-13;5.700118521142769e-13;6377175658.84391;1055850678.1160225;0.15856430877185623;4.8594925443983;-1.3974764253832737;218.49225195464737;-183.66827444445062;14.964407996728559;1343.1587359433074;1715.9457940933933
1726;1.363229249947968;1.7862471844095877;1456.0642424281755;0.719020534539106;3.6853012612880662;0.08644984233736738;2.1665602528543486;1.2854614146550586e-13;2.393310090589736e-13;337335155.456356;2304277875.4715347;11.730898396855284;-5.046128562261574;1.4344986130323214;240.9765844268962;59.78355599449229;-6.656018077005598;1257.4845852478397;2892.690948489167
1727;1.1505468407420518;2.0821184363023844;1541.5187625700892;0.47846952699485246;3.86152905090814;7.694109670879158;7.751676578108311;3.801273918605484e-13;5.061461989951646e-13;5472600520.854271;6338489721.621193;0.13821908094835145;-6.031147122709887;2.143620207257163;151.7353355404252;327.8946270900866;1.2049717533574846;2026.853546210101;1287.2879830549978
1728;1.3493078507926743;1.464113521512011;203.1425005340896;0.7794545215568659;0.9547404149907309;0.05862612028820003;9.3540320156608;6.738027401468915e-14;8.971261443223515e-13;201123094.31349584;9269923730.162764;-13.894420848788297;-13.368452320122733;-4.585707374914126;121.59829283893905;-173.61076597216845;16.04652392030529;1513.7053398974776;2247.5097240493083
1729;1.273644330555476;1.721522780425967;504.898737693842;0.9429287298091875;1.7887503274841368;0.14869616558422724;5.42896056322405;8.511581985044124e-13;3.1226738699573875e-13;1138426525.8388047;4166502400.1927915;-7.693254950716407;13.920073998332391;2.361007893089795;93.75072819673817;-3.182572532991543;-5.964023157765547;3198.1863802182306;1195.7907676516584
1730;1.181244516157781;1.44532211539109;2343.9372508756373;0.10713151956560929;4.764675320673067;9.40917305786889;1.0083197870981002;5.624209616639113e-13;4.3224205017574055e-13;7361332859.951952;2112577404.7268474;-0.5659598960618943;7.248100888069338;-3.0318956566447106;-191.64573794440344;-231.2122910669043;3.50916987169086;1849.1131270407682;1096.095051760122
1731;1.6575307585060808;1.350229138778863;172.96629373184678;0.6399726405974958;0.876991178382945;4.132186589460894;1.9218532555778651;7.259098529968838e-13;4.4370765076568293e-13;5542188411.398807;2955007236.851386;9.95804344096397;12.972489659284037;2.2266475954614027;-158.81484745081198;94.84267819141296;-18.840008514193354;7075.29948145383;1122.6170478992144
1732;1.7112218424243528;1.4829705671252507;2047.018874020775;0.7405804281022756;4.646665814100529;8.762469762964082;1.4155853906504101;2.972475084249948e-13;1.3617671275837232e-13;5164429532.874854;1404977720.430507;-13.668385731359853;-14.068000625259144;4.92667763362088;-77.03092583879074;-321.3691637635805;-3.2095234718557952;4805.416464429128;1153.4712045437561
1733;2.0717065877662946;1.3726374337824678;1479.9940880490753;0.6719622919452202;3.8383862783787284;5.862440809433101;6.862337425515817;1.585335101445992e-13;7.539327215743934e-13;3084961521.969439;7278674679.5957985;8.388038851225815;10.150045148023572;3.5675315622587966;-151.78051623639485;-104.16613506015887;19.202576290740094;5971.289546591036;4275.234098330555
1734;1.270828000461291;1.206079408502466;4208.736043238388;0.36387943016477087;6.902571285814601;1.4132048934169448;2.556077267509093;5.641801651348447e-13;9.063444621622057e-13;2857336910.867598;4870612848.190608;13.721355908308105;11.548150628336732;0.8472246837846429;78.86455212640541;137.70683275210874;9.492730541268342;1626.8651142731387;1055.186660950579
1735;1.7766523613735705;1.321950529778489;2049.70126186952;0.9289269855236365;4.603861002707164;3.4486348198742554;0.09881634706889127;8.278111474310354e-13;4.547183568204468e-13;5406786464.847846;678321557.4736894;-7.139871621375019;3.7610986917273834;1.8712528519530212;35.449399033634876;283.47183163543207;10.033614940276507;1131.1652915176805;2086.0086849324166
1736;1.6486894085448627;2.2387411134398447;2379.0820453580627;0.9318231908481748;5.484036583707077;8.44227440582847;4.347548493746801;7.533126295608008e-13;4.900993458764101e-13;8069884793.787069;4671047215.670283;14.592194582402463;0.7567481582312947;3.98272943957501;-368.8968988682127;114.41683421777749;-11.911027092846691;1562.9169659835582;1945.5343076886388
1737;1.302731651883147;1.5222177280736482;2555.680846205454;0.23873086916566644;5.171475668784799;4.7142000306390335;5.53496952049113;1.441253218232448e-13;5.155856079130305e-13;2637692269.527136;5405775282.050277;-5.295532544909751;-13.683508110280648;-4.365671317011163;-11.125155137500059;137.57478941108587;-18.1693102370442;1712.12548581029;1180.609201523455
1738;2.055610622914376;1.9586936590522004;710.0217221933854;0.8366582927654312;2.4754702053639965;6.606258359433412;6.320768899905137;6.81904975322983e-13;4.5146959253164885e-13;6791875009.312446;5405665730.287377;-6.178830453280021;-6.801990900547489;0.10275678332957039;-197.15713582477457;-202.63856791561193;-44.70957721415015;4600.5728515959745;1854.4779381726214
1739;1.5594580805855844;1.264823810953813;2348.0832405289257;0.193662666799017;4.887103348859556;6.738242789391485;0.8693483187644848;5.184672758139806e-13;6.943746739371537e-13;5981140178.908982;2486244433.4960704;7.847266014839548;10.33242556008205;-1.8994676218052389;-137.94409174344162;-73.26649014517508;-4.267914483355282;4814.8364062741075;4055.890138985876
1740;1.8187073576479174;1.2914292666887963;2146.2023072424213;0.5731386473028155;4.753134579584493;7.739682131321535;9.408601209379817;1.8941995124910332e-13;8.990435403003939e-13;3874577934.545187;9306853362.94106;-6.656354517802237;-14.075546477528901;0.27684822119555275;275.4206651441722;-120.61670876233171;-27.922481616016597;2690.0762560627427;1943.0767459789527
1741;2.059705189297317;1.688280546664453;1351.4472489061548;0.023711991398666532;3.7159673753438556;3.6058140273085395;7.624504503696017;3.6597677717643097e-13;9.636002433531888e-13;3676024561.3099937;8673696893.88209;9.562629308655573;-7.39443561479169;2.1737660339763574;-125.4567698198525;-101.39834209333026;-15.745738685763389;1363.7541315038477;1011.6157400912274
1742;1.244916749262904;1.9112273060348661;4925.890125734689;0.31934898416571955;8.310910454432523;2.7515871973198767;0.1798658145963923;1.741171653126011e-13;9.614889185869545e-13;2214942275.5854573;1330749876.079859;0.44789686642044657;3.791092171454064;1.579061904115595;-176.58522751132924;-206.99769670185572;-2.9916789096424226;1835.716025024316;1116.9215749054413
1743;2.0706140601883534;1.4273708664846063;4506.867586112935;0.2601071150534314;8.105796452478375;5.9191576287063405;0.6018834021988024;8.697903391482427e-13;8.206427487892647e-13;7260845920.59125;2248967762.3794546;-11.716852839484043;-7.715679879661012;3.260224545853763;157.2381321407225;-220.88318463150262;19.44494972383971;1032.8489578882293;1706.9729596255377
1744;1.9807764956298377;1.5770941866705164;3233.0854574426075;0.33152910167818017;6.532529193686306;5.708808758936641;4.247192373556111;6.193094652021289e-14;7.094106918656823e-13;1902727453.5846689;5554561880.595224;-1.5121772360684957;11.734232765360101;0.3127530778110019;-37.602737028632816;-330.3641968979234;5.049365483133621;2427.1312276678395;1275.2411504299862
1745;1.4367123846844725;1.393959419758169;1499.578417540854;0.29713599214786923;3.6270132667157733;5.030503089976144;1.863827932951384;8.547315396765374e-13;9.841550026624728e-14;6635452631.944198;1370517668.0144436;-8.295084156504783;0.5605496546792423;4.413666987026582;-90.04431535283986;-192.73209844459566;8.960544012200428;1545.960812011706;3479.743864789886
1746;1.1820132239042358;1.5583827121725315;4741.431602982611;0.5301943148728661;7.729486006068017;9.201011481833797;0.13119961315855452;7.017003907228266e-13;3.623264594318447e-13;8130993686.070811;697696076.4266653;-12.009926584361715;12.443431606330968;3.49029164254574;197.36665799646977;-199.07591823258994;-12.967745947799084;9817.577153378532;1048.8684752041495
1747;1.210830556392136;1.8113515162680562;1228.3718106920069;0.7525150981331415;3.2453879521195015;6.830112706486924;2.3475919649716093;8.776996626917163e-13;2.469101055530871e-13;7834961723.886785;2436299735.630903;-13.342706470244227;-7.908375429894518;-0.5339815845833336;244.86061115714915;-143.90314081229673;-21.828632193063218;2528.3263044539926;1176.519265802923
1748;1.4232684275528127;1.9238526306203927;3420.0006255560625;0.2584894502839876;6.64529778886198;7.283465392787993;6.442585153732516;3.966179232772511e-13;7.911578661166533e-13;5438826149.4459305;7224563909.774688;5.678683930123398;4.661449264018682;2.1029819278012045;177.21026077186266;-269.7141801934728;21.306246881781558;1054.8465577956977;1264.0722680072697
1749;1.3336500432045217;1.2364874070582215;4608.866617703382;0.515094150457502;7.424286566729952;7.835870554194099;0.24547220321772562;8.424347412655586e-13;3.325934915651974e-13;8221702143.049714;914340615.5366516;2.244621008744371;13.032496497846044;-1.0319830324326364;322.6697352669511;-185.07240536173597;-7.975741612736457;1369.558404499475;9653.578380843168
1750;1.8750248755857706;2.369663257895704;1476.8253701998663;0.5647797598352056;4.109363340492356;2.441081453375675;9.75438925081065;8.88888177641552e-14;8.007534412116412e-13;1490612225.642629;8943333504.75793;3.579063805624884;6.012692091101737;-2.7452719799476046;-276.5856813934956;-277.95857606416814;32.720660660659846;1495.8729287629728;1200.3121844527006
1751;1.3556354919156224;2.125937800801219;2519.520764335271;0.4313092789983667;5.49216604640499;7.080165907521306;3.129943318290232;4.972025945708399e-13;9.893440070829483e-13;6003968274.260513;5631082347.477076;-0.06801136927847118;13.937681204066223;-4.567596260998121;-200.1998727793801;-99.7624707715477;-20.801460377992935;2155.9591201583844;1136.7242624709029
1752;1.894912593221607;1.3109659556315634;2493.7777387542383;0.9702124371730079;5.306734596472405;0.24538541040873477;1.6292269825578045;4.0388450281572393e-13;8.384590899613714e-13;1007402309.0538962;3740087080.926312;-13.015345388104846;9.879565841202165;0.5883597237377982;96.21430840344664;-2.2136173792989666;-9.572744408984954;2481.3442658963095;2348.711871265714
1753;1.296023916537377;1.4259981503454742;4314.1873814837945;0.25594545972348415;7.241631148072332;6.644786830651858;7.755195797708843;8.444790699527902e-13;7.245245509695586e-13;7580274800.065123;7585302674.968475;0.9660252472714976;-5.6754543396789146;0.7783713459459936;-103.97531170885904;79.70566971309077;1.573457808311017;2238.2799483809404;2230.760235021045
1754;1.382284828432092;1.5308783864838924;772.7307325025251;0.5424397281731504;2.3536772671638833;0.05949220988036518;2.975061240848182;3.213119269601197e-13;2.0412978298511113e-13;442428863.81965;2493739705.7288017;13.297207366137872;-8.980470557778576;-3.100971200304008;76.1624146827453;135.35733436958;-12.516630578274091;1030.821421954641;1179.4878863303506
1755;1.8829309953497728;1.5101473224299007;1586.6577708924583;0.6152374556079859;4.00061402979106;9.830947168824364;3.957945870578001;6.886609393321634e-13;8.026954218105903e-13;8326267984.692084;5703747567.002929;-9.351198574864295;-13.68600808206774;4.292372172394966;153.95495007338002;-164.60141411621373;31.87526447752069;1146.0154971467066;2146.7182355293926
1756;1.4726304979404061;1.738586880563647;2179.029224232849;0.3919468007115041;4.852942236042508;8.272491555288127;5.556539276545608;6.414955589561336e-13;9.613063959588685e-13;7371654490.33032;7395764752.777439;1.6362759889077871;-0.42584572865177606;-2.5730327879911243;-35.61441328162064;210.3483600743472;-13.374825898382717;1413.5978286635022;1886.7351733401276
1757;1.2740037154381711;1.251523237423865;3226.005226139488;0.9404645700681618;5.818806258167651;4.016025065047797;6.343535066687464;9.879943267059229e-13;9.713113021338164e-13;6374195964.747423;7943188554.4118;9.390076411051862;3.230681570703659;0.98510178675732;-199.56945452192687;-105.14604065346653;-18.663160770500873;1209.4813842777596;1753.0057536433803
1758;1.2963530643771501;1.2031578011290391;2407.6896051380613;0.5767902082972941;4.771173303789475;5.72256243131885;5.033093854506663;9.823210117967044e-13;2.8646916879125535e-13;7587032856.937824;3842434179.084494;4.357169985340661;-1.4161262007983328;4.914970972265374;354.8853099087806;-189.57544866363816;0.8984696990989189;1135.658227313605;1782.268276016595
1759;1.4381947719327075;1.335165586295197;45.77101790177555;0.029021612755171677;0.351832265910767;7.398702430750425;5.974147933965272;1.2571463901407283e-13;9.338750986936924e-13;3086175967.407622;7558443347.169547;-0.30260181020840093;4.844074474073356;2.7155170822099803;-356.57485438171693;177.26181849475194;-16.887129280133088;2452.6607940195217;1519.7527877304929
1760;1.322088128523958;1.8847659349047867;3432.194645051022;0.5918907106195587;6.566705232961487;4.573473612725515;0.04393859601667662;4.5430653489795003e-13;7.305702220577431e-13;4612618740.185674;573329184.3712504;-9.783174202389086;-1.7038032991788246;1.9067330865294077;-155.60115503893635;83.40405072668871;43.43317488102409;1515.860984834967;1125.2637525756734
1761;1.4734131730455073;1.295780011690636;486.28350290813484;0.8276341698814681;1.6994848310574824;0.6829614678858097;5.743338989797402;5.616544018801413e-13;9.924299113015686e-13;1981904221.4664407;7639802404.4609585;-1.7894968287686748;-6.517873909952888;3.454173864637042;303.55882959532505;-215.1620201658332;-4.625612769067418;2067.2281906835997;4903.806066967688
1762;1.959572453243639;2.009082062372279;4236.773910482041;0.2142618197384939;8.112931471692388;6.0178981194035375;3.0708827031427828;4.844988547985631e-13;3.789155094262245e-13;5464101665.486223;3451856900.0784454;4.006981323496813;1.5286752807618953;-0.08258706792907322;-146.75499925986276;97.66956840695599;-0.017899998307168152;1203.5354652950552;1636.349480857586
1763;1.5344815641490335;1.521489210378898;4014.815330906417;0.5535219521871333;7.174086878665694;9.115911271903508;2.0801686522634926;5.076481419699546e-14;7.215930244989634e-13;2176864632.818002;3920535720.7872243;9.188349910513224;-5.626454256636093;-2.2658431874688656;-150.07061275903112;208.90167062860024;40.22300700907531;5210.229234925297;1041.8427195915672
1764;1.5571027517458174;1.812267984519564;463.0337649537628;0.8547762714740323;1.756027142509336;2.381209702486974;4.674656293769923;8.769869605723331e-13;3.020229136905967e-13;4624293260.701214;3802285883.3743606;10.909061024384734;-13.094470211611863;-2.9760440300423427;61.82638870405785;44.5665459138078;-27.177028502056068;1575.8247308052933;1266.1292898542604
1765;1.3733407043579386;1.3867638902623503;2234.637180639214;0.9642961268970714;4.69230655268146;8.04410036847532;7.058730939180543;4.367562390578898e-13;1.4076581649799412e-13;5998025081.728497;3189788545.768581;12.774026248362613;-4.08686704478635;3.8452177402908436;202.63877256264806;195.3492781487381;14.079592477219288;1134.1743456652393;1374.8752318579834
1766;1.9578830008721848;1.30522405364098;1668.0299756951663;0.08811683081324473;4.082750665621584;1.0898224034691841;1.8098786292722184;2.2580834858770157e-13;7.502627418729427e-13;1587441907.9563398;3728905644.98961;0.33037819315041617;-14.506999756909822;-3.9710428104498954;-303.18597578492086;-199.99005194751305;4.1424493369439785;1498.7047316040016;1179.9954903394212
1767;1.3326529345673745;1.431178664166147;359.6271157141151;0.33295002438897847;1.3889245769177923;7.3439463336145545;6.468040411551024;4.2210781257991704e-14;2.7813858018015907e-15;1781666527.0269895;429207159.1266267;11.34916048247468;11.101718545339374;2.5809434074339945;-227.28191654724668;212.61737988136065;19.552331337141062;1082.5451778283089;1522.6154594260206
1768;1.2193605172758732;1.646339779411189;2987.8300103800375;0.12008666009575908;5.766611537428383;8.253109919631681;7.766716473459126;4.795115676694229e-13;5.702652575921989e-13;6365878380.811015;6734527968.664122;3.269367545536376;-9.910801709142962;-4.326571912992417;224.68888022856657;-91.5610846710865;-9.98466009347446;1360.1205039614554;3971.8314017910748
1769;1.247386431146926;1.5955046769389853;4704.149575450498;0.8575182953392045;7.783602941565152;6.304984508512186;6.423744935309901;7.202903767399228e-13;2.654565973948216e-13;6819394209.886268;4178697027.0803494;-8.354935618481965;-5.847442845404233;1.3401457977953672;-331.5008318796542;-211.68150515294508;3.6870589386817536;1378.960826410394;2744.5987138085725
1770;1.3187804645843493;1.3172889587238819;2090.007430991108;0.9068499754495986;4.41933935407739;7.5623257647904;6.9906046517762945;4.544895257674305e-13;7.708668038147454e-13;5932525431.004348;7428429757.491699;-3.237809163321403;-3.8217943193041037;-2.221193770361655;126.45087394323295;-170.72262611178283;8.374006859554418;1071.5193002600108;1286.4499509635632
1771;1.97207131842995;1.5286489716847895;3808.5827228642293;0.9289387800203768;7.247161110299714;4.23309375962846;9.643467821403283;2.708745915122284e-13;7.954400104306287e-13;3426597210.0666547;8862787004.047388;-14.38460545365722;-11.602692305655824;4.971265626765556;-24.69076441504444;138.7796644441077;4.042173276614749;6487.28141051115;5865.270608493068
1772;1.351307303107558;1.732494027321224;3628.3188954222946;0.007754481583489348;6.72623878738055;8.912931490368086;0.8864036187519742;9.240300057675789e-13;4.439354920250155e-13;9183395735.633787;2007361878.8409173;2.086875666919049;5.605816637752756;3.6459088385271006;-112.31407351599893;244.45762196269823;10.054857934703913;1256.1483535166535;6263.03519365315
1773;1.5994636179955346;1.3757828854729341;2188.7732153358556;0.9306585987993742;4.745128870955273;7.325004115232887;2.2915997027227317;8.41675378231358e-13;8.162071430151144e-13;7945591371.230044;4376425627.615135;-10.123550689372756;-0.4884118654102867;-4.49064814360109;231.0952420065267;173.95299724671924;28.128974994990198;1085.0117971450677;1026.4153483433254
1774;1.5034512605688195;1.26419494391117;4641.903258371914;0.17917933683233955;7.646113922232303;0.2106210335731796;8.51923260984946;2.7701462823992277e-13;2.767339235477225e-13;772951420.7913549;4913392027.629272;6.593258794300844;-10.402190236953137;-3.8123262635385524;111.38708896032317;307.1441381720705;-2.2964074165441435;2676.7213157384526;1558.014539955276
1775;1.2840010594959368;1.4849084908414678;2859.361748472583;0.8716389164380028;5.5363326321116535;3.145898086463766;8.839600991058441;1.2825408571788129e-14;8.314226120686621e-13;642773417.021292;8675154641.345407;-7.35739141872333;9.773444946708906;4.7509037487901615;301.58455309227384;-205.9493812924813;-1.9412713946920637;2012.8315517462497;1908.9879895312117
1776;2.0396456594563914;1.4444580488944718;2619.3397542816815;0.16693028635436857;5.637649838217082;1.5610139588715142;8.809290497724252;1.932390284540068e-13;6.033151108230355e-13;1757522098.054661;7377216783.216136;-11.742788914382091;-9.499591503766936;4.191933144008754;-196.5893041826134;-242.58320323876808;5.203491545888807;1517.6267869529954;3203.058535630404
1777;1.243695786317467;1.465740195963889;4136.153891912109;0.38117229825431975;7.030139468832363;5.172254557836388;8.500492727353759;4.652554753939006e-13;6.009127938541752e-13;4964044547.785994;7232321999.154625;8.518388998495162;6.142283145235023;0.8908064970950846;-159.183144254083;60.56818035328881;24.447554393224234;1073.7225926108138;1476.525054018867
1778;1.2819776542783032;1.5354291335059458;774.6753443095839;0.6616041935456782;2.3315041438974267;1.891445425074404;6.329003078980795;7.972575433772595e-13;8.195073732438804e-13;3929580629.303365;7287760040.665565;-1.9579054094446526;-1.7770717321038116;-3.350296296902334;-279.25071952708447;233.6993291372741;-0.1887653776573682;2992.4258818176977;3585.0346239212163
1779;1.3785449052812886;1.3613058130633164;2396.1562397661714;0.5778869276347309;4.903718961091883;5.272663096607353;6.613923624682619;7.310967601326584e-13;8.500060637867629e-13;6282788197.109212;7587358032.198308;-14.713921667804822;-0.7163408113556446;0.4711303945607348;147.65537824080965;15.314054143537362;9.663679749033355;1261.9852320106036;1542.434347411737
1780;1.4346195448608117;1.3426850210133703;3897.778769087219;0.7222132734246074;6.813325594353989;3.4575764500017576;3.0763645958639763;8.302139301905547e-13;6.624317810844564e-13;5421642563.553993;4568140583.19949;13.050954078028468;0.3989601063513746;-2.4676427228384212;-324.2065508789876;-106.3020710221763;-13.207730805236057;5496.87680443188;1212.4888152318938
1781;1.7727219078017802;1.3630321899119364;733.6155333943951;0.47909868493419383;2.3300551226581616;5.733312937026605;1.1841909396441983;9.289069772567404e-13;8.244611629499685e-14;7384803000.324624;999875545.153478;-5.514550261271587;8.785246574828303;1.1022192132939654;-318.03423494214553;232.49973580112024;-3.8409086164112183;9922.834245777798;1216.6848387443772
1782;1.4734531911636997;2.3055700171198414;3193.642193773116;0.9449409026398533;6.610848555692011;3.253157678911311;1.1987149465057727;8.364378425638161e-13;9.79409629759513e-13;5278607516.229761;3467289651.9198956;3.714308318467303;-5.323991896302607;-2.9377138624087085;-258.5693805054623;140.26605796124645;-3.082682680318215;1047.1441935034375;1278.647705290369
1783;1.4361295052562948;1.3676059818069393;3416.7710647868903;0.9335293435138672;6.260314001003135;8.411312662245075;5.723727001603418;7.606047789257266e-13;1.0861514295277105e-13;8093966295.045151;2523100926.91084;-6.665765407654103;12.491070874954033;3.002546487071349;308.3823416376721;308.8749749974086;-43.06880079633591;2826.1081956004246;4207.539685648263
1784;1.6647467713927893;1.3368705493530975;1616.1109488213663;0.9244558897417139;3.8878163295259185;7.200450126691234;7.747950983086843;9.50291553226983e-13;3.669365164409286e-13;8370631745.132912;5395589208.536812;5.458810663856482;-14.945959564291694;0.36350460641382654;331.2812308731627;-96.76270994828607;-6.641745990022838;1088.242055946558;1302.7974981883922
1785;1.3646761580162872;1.3117677246753834;3834.896412038658;0.30063552358019985;6.657251881916016;7.642423798425637;3.1526071868713026;8.595002851222081e-14;6.482247107455314e-13;2593513717.754757;4574542852.53426;-5.50196455358541;-9.44378948607544;-1.703696814351352;211.99671857945975;-146.0656151409657;7.1925776511450605;1664.9134636673093;1359.8202689900536
1786;1.659275117367507;1.2972813862811574;4268.933285906787;0.058096213435712474;7.391765089960089;0.26829432395315433;6.514446910949236;3.676518935509814e-13;5.79493127500773e-13;1005018657.6371913;6217458538.26823;8.817748473236808;11.155027527065712;0.9240370420460593;160.06097728301157;133.76191629356686;-3.5288132424080616;2272.2117181078142;1095.4007168531077
1787;1.388742475021045;1.3797843872936508;1382.843207942736;0.8774071517699232;3.410918884008412;4.051908405394218;8.41539812335246;5.6682187263519416e-14;7.749534140371175e-13;1533568178.3129299;8171938877.843927;12.389402903613533;13.06906121164291;-3.144672635150404;-193.98115186844697;-218.97070309734696;1.6557018687092953;1635.169864816655;1349.8974172483634
1788;1.8605217047519098;1.7503929743651196;3583.924054680362;0.1453187095943662;7.031556292683481;0.01744316914849707;0.4131606752975045;9.316337522280644e-14;8.919074086307964e-13;128998684.51869056;1942537239.969451;9.842129029600144;14.564835591858849;-1.51330219226646;49.11897321788982;252.29319388678257;-14.968099899189028;1113.3198037991851;1557.8063342114233
1789;1.5509975147646557;1.4617521576883936;2736.1726592465907;0.14042802512624275;5.529550968854264;1.388531008043257;9.54731862287346;7.676818383109012e-13;6.235244812857461e-13;3303835404.0261884;7807597951.614083;-5.479643726710876;-2.953027488133177;-1.9055129519303868;251.49970681882294;226.0064388781018;36.90873616105393;1129.0664779897475;2723.665524999358
1790;1.3989455536753597;1.464692870574296;2436.3596267847734;0.8035524153280978;5.031994681362106;3.0045838747679636;6.982596371226086;8.431376245994139e-13;2.677790756579437e-13;5093207610.285998;4375692218.183244;-7.160702175998414;-12.434590744878818;2.6809931437761634;-387.9081300363405;-148.69355685539023;-0.5484354088483565;1081.607534248664;3732.5227067129
1791;1.4196757250736807;1.3693369499614287;1688.589070044732;0.6040910331037505;3.906363578948552;4.380942326781485;6.0055235495835335;8.215768882923972e-13;6.023015349487599e-13;6070966733.376655;6086006340.232591;4.929360677842844;8.85351589296923;-2.4608628812553244;-388.8997583945969;0.9146802578268876;14.95814283608;2034.7020433482835;1139.425157345999
1792;2.0036505426938502;1.9176102795442695;1894.6495797082175;0.7472366006420756;4.725354105444884;2.4506569837075602;2.9239413077246064;9.923409320995861e-13;2.865054232995525e-13;4990243009.233087;2928874259.988691;2.084610988550221;-4.398561614671074;1.7430288408400818;32.406653248861176;156.71362772722472;-27.724150394024914;2815.636626564992;2099.4304618447277
1793;1.1980862125013423;1.3343150036740963;4481.443122290889;0.9656009106375663;7.250967311604034;8.209259960537128;6.798370295715285;9.97502764232242e-13;1.3658527242179645e-13;9157122763.732796;3083573629.8607655;10.684780759964546;14.016319247292405;-1.4424219629692479;219.76347560857613;154.39513802232264;25.854218855624236;2560.8090309330514;2186.814054613434
1794;1.8226338821486983;1.2749376584517524;2707.6121858348874;0.7445613457818353;5.542060623097982;2.996618785121067;6.14899206201971;8.519896292498976e-13;3.1337091379185273e-13;5113083456.002163;4442027946.385458;-10.58748265035017;-0.6313222287921096;-3.390359169140323;-79.44959957261875;-260.45879424897487;15.55471268473288;1203.7202504422658;1512.7953264344353
1795;1.4686412812304073;1.3065457079551275;4939.901539609926;0.06819858458156669;7.977181297547474;7.2582226496650994;9.864141711582876;4.3574062688953525e-13;8.16079753817669e-13;5690876336.003223;9079165474.734901;9.494158722494195;6.207040899770718;-2.758178436479529;183.96171641722333;-123.66860821528377;2.8872644214186347;1563.4274656252437;1278.3043800482726
1796;1.372460979846494;1.6708694288951957;3446.3901411984184;0.3237654390704331;6.470917232485504;4.325547666206897;7.918390271700567;8.154767583760072e-13;3.753253547833202e-13;6010025619.892354;5516611261.7727;-1.524999469578745;-11.945715959414475;-2.5769937266650444;-77.22308559449795;-154.26573262758833;5.222870429780996;1222.5860858585006;1224.8384551535441
1797;1.8808991199895118;1.201142319153813;596.9073786065195;0.11398271157208639;2.019097571459764;0.3083665568007842;7.867998895402914;9.493092451427434e-13;9.376218013112711e-13;1731360357.124279;8691524763.90151;-10.411860288677225;-4.268475053450846;-4.222526885149643;-197.88131462535964;297.789963645748;-8.869944854233951;1252.248589282932;1554.6712805253233
1798;1.4182778165269174;1.6332994506066276;79.69818281582262;0.2353313126750639;0.5257108253941356;2.5083755765042755;4.529117004331797;9.61081711078919e-13;9.616006920151582e-13;4968512840.359363;6678118668.215675;-10.778608224835946;11.93655093441377;3.611823597682273;211.91545824714447;116.13492501990783;-21.275097907257962;2576.8192873242397;1567.127398939041
1799;1.6682828845932698;1.703314110590296;3306.5789431520143;0.5457755346625107;6.513348762930647;7.177672477300442;2.6952745565779344;9.197165100517056e-14;4.0524557893632765e-13;2599972702.599731;3344341568.1214824;-7.813186331737935;13.41122844875667;-1.0216235618366154;138.23488134777585;93.19643711808578;5.434408074699534;1128.2478222903092;1629.0211581416233
1800;1.477683706818709;1.819280139966293;4612.4827932073085;0.4265364827746123;8.071131402321054;2.4884229751234583;9.76874921235724;2.0882292332078808e-13;5.2071225179741685e-15;2306753377.296469;721719362.1624295;-2.720171605070334;-6.848572579620875;2.223653217475036;-190.39547274179637;165.3954157929821;1.322579012364769;2738.712155580176;1621.1124911710651
1801;1.4395042521727914;1.3908324202934301;4099.961006707822;0.6850761406933691;7.0915151327384125;0.22507973689032368;8.219451406073748;8.773468798794388e-13;4.889158165314584e-13;1422013913.4412363;6414878541.902863;13.72480532187982;-13.036618096518847;0.9514262295638236;-291.9750582655613;-37.56689186442986;-27.663295390232605;1114.435794965619;2384.7403546859005
1802;1.2777139122730252;1.2975458182718573;1248.3219138574984;0.8520695440424568;3.110030099090918;4.230503975062428;7.00324780416296;9.139510914438828e-13;7.864173579789342e-13;6292272319.897459;7509763678.486644;0.5621108023502632;-14.616790824485106;1.1378653593977432;-234.41731053275504;263.86135719916035;-8.799804747390835;1159.0645774419727;1076.060903430073
1803;1.4390580070685801;2.0318897356688437;1554.9829078819582;0.6775408619014331;3.9771590130659225;7.462772552576971;4.576266611328535;3.5749883641057963e-13;8.521736155450898e-13;5226818232.957516;6319310272.337553;-2.2060020020270876;-9.226261211276523;-1.068013656057032;20.57730736702976;-39.43315544793404;20.00601645583805;1588.4185405343883;2134.3679832650796
1804;2.036387740155396;1.9023808107529483;2715.0495913327254;0.6046257995792554;6.015132271613605;9.358106481442519;6.869637016986639;9.526009973803487e-13;1.2367128878748696e-13;9554313458.036207;2949519805.1791353;-4.000221721156818;4.317216556884151;1.369803478827424;389.34500219615893;-143.71263357749802;10.687067436559978;1607.4439058504909;1855.0596914273106
1805;1.605445585046914;1.352476550798267;3331.1762600818965;0.2837737605972266;6.266145927574986;8.766088926796499;9.57988464314414;1.628116992196991e-13;6.574276673290319e-13;3822924479.624352;8030713021.497425;1.421646453770144;-12.098670007139713;-2.6863512574282113;-30.66656581207735;112.46566695872069;-7.051287984518514;2013.3086272164667;1462.428631755898
1806;1.8642477721463708;1.340503878632873;4720.045048542173;0.02378022760602183;8.118991236477301;2.282918373863931;7.022437771780007;3.8663855471603983e-13;3.3723425471274017e-13;3006406830.1877785;4924473094.525357;12.01904240324826;8.21481980156717;4.383114943025207;410.03170098217424;258.73508165261626;37.3089186124095;1634.9867813901342;3243.739101163127
1807;1.7237811803832432;1.9414922633228435;4330.483174069862;0.09388553666887078;8.016772278246748;0.819170105671772;1.0572598727624238;5.172686889496038e-13;4.404250453696505e-13;2083028064.3948298;2183618961.4655647;-1.9523698921588934;9.214241226715277;-1.6576442746261897;-163.05313924020135;-187.21108632215248;-16.97680234393395;1231.487232540798;2218.92766895237
1808;1.629325748926913;1.9467321563556987;3490.9436119956727;0.25348542663691553;6.887103140820023;4.077932908685366;7.538894372728029;6.470279267774336e-13;5.828723640162406e-13;5197943199.819349;6707961166.81003;-6.277355827247835;1.471444737251737;-0.7254090355088625;305.53100710446944;280.37123958034437;-9.356955173515066;2214.818914759425;1018.7944479348292
1809;2.006639252800663;1.9208267967020416;4051.4461461936207;0.10658630919058232;7.847247982481995;8.657914378234409;2.344277744866283;8.515719515427808e-13;3.7337617532079657e-13;8688949955.20408;2993834660.2079797;-10.831303660129052;-5.312860230932454;-0.7465159152144238;158.18952269171243;-185.51273669761446;-16.088274933780028;1184.6751689000973;1050.4454012074777
1810;1.3462603659499057;1.3495306780961558;2455.045881985448;0.7061439049105168;4.956879189896594;3.491003609189911;6.740734384860546;1.137190928936702e-13;8.31395503804479e-13;2016238116.034463;7575432297.995427;8.190813878711413;1.982329222931547;-4.637982954925828;-104.68636326034762;-110.94931001386425;-19.80031404533795;1251.2021156080095;2733.975565510647
1811;1.2217810127308852;1.8671052861312032;2075.897878964723;0.5917205811695527;4.638146703422606;5.588809708111661;5.096673930735024;1.8428856552123114e-13;5.982833806256441e-13;3247572344.7783656;5587877447.339179;1.1889672011224377;-1.5943008868553985;0.017408651395984798;64.23107582116366;20.448310461725896;-8.495615210093018;1353.5796035507342;5087.946001382588
1812;1.2795933793659964;1.3785076119928297;611.5316843245693;0.4440263102115093;1.9531832218974616;4.46178728925752;2.9282600457577455;7.367008529473053e-13;4.4144933257110197e-13;5801629565.652595;3638272564.58535;5.787123774205469;2.4634810046046844;3.0139045254403456;-102.43951314150104;155.01326278524715;7.813552792190864;1971.2675912222487;4120.733031038051
1813;1.2209434454999997;1.4954663801858747;2938.6281066599477;0.3667282738210085;5.602321567251561;2.524521696752117;5.529675379109469;7.597815504115893e-13;7.001455575236211e-13;4431838274.370315;6296423996.889655;9.189838300701958;-1.0466597809311207;1.025632347449931;64.09557821059755;-98.54986519343194;-16.13879921654568;1605.701107584944;1064.0241381840933
1814;1.3369143612397283;1.3536041465285682;2462.218483359926;0.014607828448068516;4.963289066515306;9.179906312486356;8.612863492420278;4.795902164252223e-13;6.545295130354179e-13;6714354394.349946;7597809097.282715;-13.269528079028394;4.716449360750776;1.083960888338269;272.8524928134401;-325.08546315784525;16.722762785078015;4775.523103032554;3769.0880562476136
1815;1.2365061564473547;1.732193133365995;4748.438103528625;0.16158570075315337;7.946253956049967;8.985013847250862;8.879891426573884;6.811136404033255e-13;3.5733642303495556e-14;7916243466.663424;1802571287.5373716;14.315739294281656;2.721824450864478;-3.028673578147969;87.87832105957128;-9.18689906411143;0.07116206221206864;4121.509008203878;1191.1208024845455
1816;1.4043338173984181;1.444194689178271;4547.042457693759;0.4293605186267626;7.614347853330278;6.961131658155491;1.6295394416971845;7.766244017707021e-13;1.7499412955998636e-13;7440385166.571685;1708811494.144009;0.8849247876211308;-3.5954832996485653;-4.137530530687065;-175.30520346031824;-141.55898482240377;10.00814038549967;5652.335022864017;1350.4903626905555
1817;1.3507832333425356;1.4120248322058617;4987.064848544761;0.8602208898631394;8.015921072814166;4.496830596928071;0.6654987087452873;1.199434386868971e-13;8.583049860708614e-13;2350127853.5171595;2418490604.8574085;-8.481567557481693;11.902761621864908;-0.16911550626379945;-46.14570873204603;259.8973581174341;-9.065625521985762;2524.4684478435884;1281.6170958804578
1818;1.3937246853710494;1.3996065837070297;1823.1518955970514;0.6680103009804104;4.113352230180355;4.604750539583353;2.1035087959044874;7.744902992708212e-13;2.2549277068895014e-13;6043117286.990757;2203882599.401452;12.95217232080699;14.296337725902692;0.7697243708385617;285.25376255517386;-224.4950150699261;10.54544901068533;3690.2309053228937;3629.441771543475
1819;2.0198639193375327;1.3491003424971877;3964.734529578464;0.32829225519659255;7.3493352770641165;0.963232721271086;5.6338512953706505;7.622279946696213e-13;7.227860629504607e-13;2741940583.2866855;6457397972.680643;-10.948990944011225;4.401859017802849;-4.843981452158732;215.51850533575725;-127.65883800331031;16.791854571599384;1330.1532458606418;1577.2755187713244
1820;1.178944334812297;1.3201277627135481;1468.8705083634086;0.3074052975523962;3.4317985491104017;4.851714168682542;4.5595664881279685;5.087514336635951e-13;1.6367775085185323e-13;5027480617.546187;2764436249.4721045;-14.945827395756368;3.467836725278943;-4.55915623057451;31.963475543192033;126.51575624770773;32.25441310514045;1310.1175325371453;1230.757794571359
1821;1.3873168785138847;1.4974059250295129;3173.4863964835763;0.9516978463085719;6.016339104322801;5.660953539066566;6.707696662093852;8.654458988638176e-13;3.5035606079444363e-13;7082959127.808677;4905592881.440618;5.876254729212015;3.6339876920081835;-0.9375599013377265;58.89615973269491;-291.8284095670158;-28.998433512765466;2524.370714832931;1636.909109810899
1822;1.312964030945724;1.4544246711764348;348.9142098744783;0.7948687558173496;1.361786452566242;1.1671021997934765;1.9149726682458597;8.566906814195736e-14;7.69355146106708e-13;1011850716.6174333;3884138430.612242;-0.40115677311113274;-10.502643941747035;-0.14249052008857976;87.06479363434205;229.85979741966202;-26.087015027679758;9584.397387542876;1078.488540730275
1823;1.9916610258839578;1.861033635251466;4906.524144142095;0.2914796729590238;8.858849849706129;3.3109998801383966;4.559198907868065;8.774732760820342e-13;2.7649798672543834e-13;5454394050.505184;3592859505.693048;-4.30588863567135;4.232713427348838;2.7387768072269436;-154.78497209548715;-161.38488134068461;28.27645383259806;2612.323541982663;1612.5802830068578
1824;1.2753608526361544;1.3013556590751765;2344.674169174888;0.11426251155397749;4.735331596881793;7.667702050460767;8.608496553062048;5.882268516559248e-13;2.2907439319016626e-13;6796025746.166721;4493677548.681549;0.188528465961614;-10.557491325056143;4.588743182716877;-107.49022433182778;177.2880602477857;-5.04358157648676;1332.1435255429394;1358.054998550183
1825;1.3132440605161793;1.3317645931875;3550.1506439206464;0.32336881265791617;6.298639280872911;3.9954780431768984;8.383822530914571;2.788427371666053e-13;8.308496890997519e-13;3377645148.1185565;8445633816.071198;6.0939028516322615;9.79782799522513;3.993012859739542;-254.9432455342028;-68.97929147930664;-18.699653656182694;1102.8257488299946;3085.4250462154746
1826;1.432763478457321;1.8503236043658555;3883.7282696124803;0.49076641513786046;7.1867611028089255;9.76563406178232;9.071646996276348;2.5500579117759946e-14;6.958495551936197e-13;1596890815.9427595;8039901469.474619;-3.7409529899735734;-13.722138615197071;4.017636818326967;27.49328386307559;-41.18699214347501;-5.603841651913913;1147.819973854803;1314.4367688973434
1827;1.3445992552523744;1.1851498419622446;2767.120719613014;0.8319891030065042;5.255948134572531;6.049601536632621;8.902848555749973;4.1670054913602767e-13;9.791191952688292e-14;5080721619.165751;2987667436.551518;7.784908702524767;5.945596009660452;-3.244213276428468;-134.2146827630818;-194.37921376204457;45.252853972278885;3907.6696700409325;3271.136749462447
1828;1.6529551889389917;1.9748392449914305;4333.403888735969;0.3478660945472888;7.992945519319338;5.9361145006265925;6.428447705284775;3.867301903598731e-13;9.705286592210847e-13;4848474897.743756;7992952244.232216;3.76101892709481;13.405449103022633;-3.858216016881315;63.27199585870875;-265.0299007909586;6.818235017887782;1645.4944818711438;1278.2966709392854
1829;1.404613269258646;2.0388788801088884;109.89854237457673;0.29816160864034913;0.6780590302147318;3.4629303911820895;3.5364007727601243;2.013258358693042e-13;2.0704905480906038e-13;2671908703.7087135;2738213724.1717253;-10.378346266474493;12.598062864402056;4.050411570134036;-273.6428271713712;9.218825445207926;-22.547634035634477;1359.954165240334;1481.0124347593849
1830;1.8610717726622927;1.432506765085368;4847.1982263428;0.764715411161833;8.339814265158683;7.374289245199853;5.52082501908961;4.246303117162226e-13;1.0284595555331215e-13;5662595749.879906;2411268531.5402875;-5.357272046900999;12.283683017298312;2.6896987058609723;187.09418225720037;-178.93792234127312;12.573236979738242;7539.444515139335;1153.3055154488588
1831;2.1454618832625822;1.4674938598530745;2624.6491081718614;0.9900907736269716;5.7140174774089525;8.571319194157015;6.561400268714746;1.3472908923719157e-13;5.590588612968376e-13;3438780849.7724805;6128822054.723242;-0.19944106198760103;-0.3167241221955841;0.8394639886220334;305.19711176321204;-91.48239084945415;-37.45599062377277;1132.1700494186516;1303.8294300341777
1832;1.679623426468682;1.93517627431753;1340.7835492885158;0.5861780956450315;3.652080804395323;5.638662701515103;3.08798995051753;2.8364375112048746e-13;8.645503130478825e-14;4046920254.3662605;1653419493.8642924;-13.663435415392636;5.211169480636389;-2.7183101733359107;-20.517278541321076;60.761967452121624;-8.65693788709812;1642.0960188971992;2468.7655379057596
1833;1.4217596793024168;1.4384324843717065;3755.4015924294213;0.26813358376071317;6.711854168407169;2.5472151746580876;5.914246812874604;5.598562080552534e-13;2.4667119537466934e-13;3821387196.131418;3865083847.755893;12.737686456700736;-10.40272078638229;-2.837417162882571;81.4094213351877;22.651942407351214;-4.415565410794771;6937.671776541752;1537.7730755270352
1834;1.985916400072099;2.0441065960909905;1304.9753485247782;0.8066429607189781;3.71915173236207;5.271050624447733;8.684905327384659;6.948385146821614e-13;2.5560097716868823e-13;6124075181.108312;4767753323.333953;-9.237347313296432;7.439602659938654;4.5018849504271685;105.00797357008953;-201.8258254618167;-21.853557162150715;1164.3797736665329;1622.412521078158
1835;1.2867858962772285;1.5493736986285154;92.37141358809814;0.5570824318891385;0.5660765077809171;2.632441022934367;8.569452434541047;9.49407047349543e-13;9.933335011124305e-13;5058893408.957804;9336284041.290281;-2.5923859843463433;11.132281458751407;3.9150707336384567;91.35777183056024;-138.42345816473352;-8.45330858708433;2727.614681469928;4508.270179524038
1836;1.3464687763637548;1.4958727762744592;4210.311598451915;0.32370043280770544;7.2283875734012195;8.125233406475289;0.14822466733148565;6.459253055593193e-13;7.972152892807286e-14;7330929629.806838;347854823.6697245;3.8333618433090315;-14.585589749817494;-3.017784308464646;342.09630537518115;20.925370179117067;17.4300003639208;1741.6862420059963;1253.9933974286705
1837;1.753329332167286;1.4474722290006505;1076.9529088864158;0.5807208822692456;3.0303345407692555;2.044031134519456;0.9862958738499948;9.482081885960456e-13;1.1369171024004338e-13;4454978191.781114;1071563682.9116639;-0.42785251629288545;-12.696980859614492;-3.8135031890565694;-156.14198560950126;-117.46473793555994;37.175501818114064;1763.5322428859188;1549.7720578689523
1838;1.6556606037630919;1.3453465087164511;816.147051132323;0.4637822625912794;2.4653266420649644;2.264327361699207;6.611351343212711;7.62523430787895e-13;9.988866490822935e-13;4204808119.650952;8223433810.317028;10.075910612980124;-12.193896985899038;1.279648822982729;260.63870853436885;-169.11159263818809;-3.831900012985309;1921.8497547306;5184.3926443595
1839;1.2789405732274008;1.4138051672508223;4316.110571397908;0.9914897050756364;7.217719620984838;8.098932228597432;4.147240461364693;8.386399541580448e-13;2.373995975785614e-13;8339723178.01385;3175188960.9716988;3.0567307984897205;13.138698142007101;0.8797536571777105;-17.682158743800414;31.125242841003995;32.064404200765686;3344.0530058035256;3312.4430281781283
1840;1.2101056412340927;1.6643353062291268;3042.814565418139;0.4416904737016346;5.843072902053453;5.265280503021947;0.09978299067125494;4.0753580125923203e-13;4.172985999431806e-13;4687525227.730886;652982737.6017251;1.5854453541694582;-13.322230150685128;-0.8353914186979852;-378.514700348173;-203.20220529152985;-10.175070780771176;1804.8801218768076;1133.051651122049
1841;1.3648563501757451;1.1722538903258548;3936.584002656208;0.05060596627447522;6.65476379520158;9.25230901925425;9.415617874742413;6.016865366556501e-13;4.503536577256657e-13;7550230145.061563;6589481421.499496;-1.7891603184240559;-4.08971937837714;4.705671526684897;220.07559948727325;-135.8318745008105;22.289109147960477;2773.5665747878006;1119.4482684960199
1842;1.2195328250222306;1.2436369788052497;306.8832418667269;0.6140420449158962;1.202504609418889;5.314595043780691;0.4991240140901191;1.2121095981601405e-14;1.1256836997119842e-13;812186960.1766891;758511901.8177416;3.412015583063333;5.762347535899476;-1.1811595794433218;-440.8685434062837;-204.735885739927;24.956200181663434;1224.7531555757596;1117.6812824133558
1843;1.8178336590954058;1.5653163374873;924.2942486128674;0.6247380114647317;2.7877496403347957;7.126925724254245;1.5851603708431667;2.716512586452791e-13;5.9242849757272e-13;4452531036.953527;3101019892.158519;8.532401834547521;-14.209115123380515;-2.434170409671105;-223.0365859550917;-84.57248708864486;-25.60879623776363;1034.302082547887;6010.256942031649
1844;1.5986864265320608;1.3842893324896786;109.43210640954261;0.23098091651442576;0.6445445356304955;3.0484931645228737;0.3127173907290493;1.9995372871716706e-13;9.084299216647211e-13;2498373384.8652573;1705578490.7107112;10.880897285110049;6.884069523507243;-2.819488257654974;-352.22141691897457;53.42859520729871;26.087764897758152;6116.244357932006;3345.1365204936205
1845;1.4060336836838372;1.3247081258635443;4664.506827645504;0.698919062190054;7.6366675653358715;0.05681012219845761;4.991308558580565;6.399906742978675e-13;5.969460042469257e-13;610168330.664914;5523631686.497885;-3.80777133084797;-11.375747823264286;-2.9944084589268174;284.957523955048;28.68516215078219;19.91627177136717;5882.055235440092;2149.5924084925123
1846;1.3467452552821946;1.5796215970787;4028.12316289736;0.2320233990645354;7.086817797596038;4.2651130197405696;0.020576703645348967;1.4820283648444055e-13;9.772625422932082e-13;2544154656.8381505;453778072.6044713;-0.22910610892486183;-5.729923375599201;-3.914312699113868;-148.34359382633147;75.85721479942023;12.553786231925862;8816.496153479555;1498.954821531159
1847;1.9030524052514375;1.2415536191677012;3675.1659433447408;0.412516789987162;6.828310058213354;5.76855137196947;2.718609988364084;3.860926518870819e-13;3.2858965497431036e-13;4775613032.7661295;3024477622.5330863;3.7243386557190057;8.4090596980157;4.704000809205679;207.68079951841185;-223.3384563528863;27.607587004263646;3823.672142703158;2276.393221784677
1848;1.7223777261427233;1.7699527172345415;1013.2725267500562;0.14833507513993938;2.9954527395414923;8.535903672644338;9.398192365796483;1.7568183236199707e-13;7.348872858843583e-13;3918665174.3029456;8409738860.296042;7.313327273954226;-2.81834463758433;-0.7951886582572456;-142.54279232992496;-257.4869446251971;-29.052280705586938;2006.3178548675262;7707.387099226167
1849;1.3190820887373427;1.3921194965237427;4108.671212440625;0.5131570531701203;7.000483660875176;6.573416534637864;1.2198407109852902;4.0874513825116034e-13;2.7330668554331964e-13;5245318388.275977;1847679616.515918;2.7274818169628112;-6.541544106137987;-1.5989256985226108;-99.01698979367919;-225.06016738544776;-26.717631131980628;1037.8466653475186;2525.1154894485394
1850;1.789720137719078;1.2686632275735827;2894.8354193223076;0.2103494368680412;5.770140786588157;5.9867964904468245;5.140140407156115;1.928654138160656e-13;1.7978199934063806e-13;3438542549.0229125;3076171699.6180344;-1.8528216534259467;-7.019029644268816;1.0998849695082775;144.10295049823267;-214.0489157317095;20.019956452319555;6775.540626496788;2107.124319315257
1851;1.3335352495568513;1.5696998302193048;4626.3766880420335;0.5527410990150895;7.751657552174977;5.386760795840043;7.535462766608116;3.991018328578728e-13;4.090555672200825e-13;4691974950.220404;5618185782.057186;2.2598094280883956;13.555549290834985;0.28676501480378835;-226.3251554266743;-243.30658657340487;1.1398882400763162;1237.405533402976;2261.3995161449466
1852;1.3017492134833866;1.3208044803547279;4947.023688774884;0.5752337493161863;7.8356910935310635;8.484901664853664;2.597833191062172;1.5058086221728093e-13;5.636510059245866e-13;3617081337.11014;3872226494.3560157;2.5260505802425612;12.575324099682309;0.2176030199121186;-116.52251651065845;-177.9494594037087;-3.4065286270284614;4181.265770387958;1184.3786861528624
1853;1.375964339265233;1.6889819060705178;2009.4232442879506;0.8086000896774684;4.526839381657563;1.3960607715973712;6.360600501673809;2.1334282581795967e-13;2.3189961542674694e-13;1746389702.291023;3886413912.164583;2.2184297867956033;8.869301207950265;0.926568349111637;241.2836677731601;-163.2572580389508;7.948152861783841;1143.7837490956967;1028.5897787218883
1854;1.81399406451439;1.2181708879403181;1418.1953142081295;0.31074361470582534;3.575593635239176;3.3163767577820686;0.7269981770939441;5.815461411644177e-13;4.701108766664292e-14;4443999474.215515;591584503.1585723;-10.907039851538757;10.539728138460156;0.530406541700148;99.33702779518072;-121.17780955048079;-1.2792290763100294;1657.6939572904205;5819.77389983084
1855;1.4372664176000107;1.5937816977180905;2151.6824448538773;0.10202409804432067;4.720517131837346;4.51626185694246;2.021831574317809;5.470686894583636e-13;4.976083818321953e-13;5029912908.049389;3209713797.437911;12.887791070864544;-9.17890389805185;-1.1278748857460652;235.07058598672097;217.06735017833756;10.66733591800613;1640.379631273616;1013.8901013835236
1856;1.4119017526845616;2.3656113957809315;204.34941318223537;0.9744811382415026;1.0574441568611308;8.695309528168458;0.32901865850615925;4.3380038678672984e-13;5.277659331060184e-13;6214947565.206815;1333462843.3494973;0.3653802213284756;-5.23726412899604;-3.717750869904217;106.23581640625338;-185.95015239171227;-15.82453042742694;1008.2863281987431;3106.208385462881
1857;1.353344282022856;1.374011434635465;2175.7358577721043;0.5055355293011676;4.591182517626353;1.189787951704435;0.1992225058231497;4.2376310888250415e-13;1.816744259465184e-13;2272198844.9891953;608787989.4199029;2.6102916026001033;4.059084499211004;3.508165966313559;-82.54809473842508;-74.1159670491651;12.52613393879869;1177.5193728641473;1257.3918433242775
1858;1.8775427679678296;1.417437682157776;644.6738269765191;0.059245434584602186;2.1732890414165156;4.444594326903442;2.423444440100334;7.42617204233068e-13;3.608911774433656e-13;5813645488.07981;2992641159.035511;-4.775691680144934;-9.396998621326311;4.463867704462617;77.95240973935525;302.4395948513659;15.906889605783253;1186.655948525119;4813.837755549393
1859;1.3077527382269454;1.2872883120171414;3062.71781316241;0.020520605573120188;5.671865417319377;5.127070989496823;5.552810468436641;5.350867767410101e-13;3.74200178012609e-13;5300254861.08886;4612733863.7054405;5.692437201659988;-12.073833887106112;0.8494938288606431;-347.7714351449598;8.362194397532448;-5.916383089957038;1024.0337594381149;9375.558139995575
1860;1.4423106366625689;1.3934696248802623;261.3266904507966;0.40869504884648855;1.1322783958839806;7.848283823032782;0.41403550011490853;6.027237708163858e-13;4.198276028272906e-13;6959795653.280125;1334148778.2650323;-2.4380719744024653;0.8051101523782442;-1.2803552106624414;140.0526502298248;-274.3402602781733;8.20953712502836;1867.869475600877;4126.667411219958
1861;1.2954681988700836;2.2790363492301173;1748.1707938296279;0.17158253896048303;4.3424454861930855;5.538702375154315;8.07939575371546;9.821266503675027e-13;7.852711493991053e-13;7463417571.166086;8060263508.924308;8.487698414880722;-13.421577536457303;1.6209858084630184;200.63251527748145;-323.8591771323124;-27.59502748431002;1175.588979215705;1001.5552290510524
1862;1.6562207828759794;1.7828478883543228;4034.764627227356;0.5699099477799203;7.486846620537709;4.097984383985713;6.484935641986895;1.48405763640666e-13;1.1357004330536719e-13;2495516880.2040877;2746216101.8638034;2.5573458529772175;-4.509878620737256;-1.0959258277400377;-111.16592573858408;-251.83110661604337;-25.35471421455638;3886.3936538605208;2264.528623972249
1863;1.409011745978454;1.2830935059809163;4387.383235880268;0.038333342715802576;7.296382219542132;6.956371744523045;8.360149322444702;6.638708375356735e-13;5.836086569368677e-13;6876748877.4245;7068346942.738694;-13.754356764033144;-13.846201770228902;-0.4313968233894183;108.85259350980786;-238.94712797683096;3.4918911454581956;1520.5848662080084;7300.522988868861
1864;2.3376657480187557;1.3204574127242856;3613.660197188529;0.7876358038526068;7.101076087235503;7.252331180802185;5.443948991365303;1.937885910660102e-13;5.660508583111683e-13;3793611865.316576;5617391963.486702;14.873554535951207;7.127763140087641;4.468843511769858;-289.6831952811019;-225.0299539440016;3.329423446747812;4281.336027590111;4659.7361020647995
1865;1.4009059654544207;1.448999973662888;2382.5109966960836;0.38152319821990277;4.9496364542875435;0.8512919279986159;7.464603024240427;5.036571919469742e-13;4.2549353546908455e-13;2095350866.1570225;5702953357.35534;4.248204490777791;-14.80952883825311;-3.982339288560958;98.10792603200747;136.01608685769196;-23.806788368848885;1399.0929393823296;1398.9158627513486
1866;1.8447520982598167;2.027381798697022;1255.9391222983816;0.31009089070998386;3.5774125952617575;9.020391095124841;3.9497044488203485;8.473548410943783e-14;5.597020076113021e-13;2797662487.243789;4757849608.492754;13.266494761237617;7.821821007550877;-2.668443318510888;-249.49408465134115;-222.78791594836738;-18.47297291871655;5978.06435288113;2929.7589861307056
1867;1.1739842082279193;1.7198300932844643;3583.9373536717794;0.167317235031469;6.531360813761685;6.902581378660292;8.809731644817726;1.886550406026293e-13;7.896900815718377e-13;3651656792.1153393;8440334523.021846;-9.357392001751581;-14.663957824035776;-0.5208064311024216;77.15344686850626;151.43226853120348;-52.377388725670265;2061.9937701187077;2917.904963771697
1868;1.3485576534045545;1.503705925994234;3878.826907850493;0.04214224139503597;6.851778825367973;1.9468953340481363;9.648469718525133;2.385223864710105e-13;6.178846490695027e-13;2180649435.827114;7813271221.399366;-12.110928302572804;-3.416858074374442;-3.7148344941900313;-322.73585141322064;220.9652059276109;9.846141868142647;1678.3720466623254;2039.5156531151608
1869;2.1113764653000606;1.5408875247969214;3479.7203604798183;0.3674874168326473;6.920807987445448;5.627123098086839;0.5847066806091463;7.787180624239768e-13;7.011581250353946e-13;6698588667.373531;2048929388.7991755;0.9531706332228023;11.503343328950738;4.1281943150136176;-201.99956107426456;-228.79228698997818;20.911099923144167;2271.1620531887997;1057.0280650704476
1870;1.8781247939229695;1.4582106545084992;4196.986444585903;0.8357359739070671;7.608892784280094;4.917921534471015;7.445664675130077;6.559370384686151e-13;3.5753023995005786e-13;5747405686.067194;5221053039.9108305;-2.6308798402434856;-14.598704958695057;-2.0710945875089415;-161.0429187226111;-184.64991205273765;3.0782673912045717;1357.2862820362889;7112.976549818673
1871;1.6772405940863742;2.3811210413777806;2650.5183375366255;0.7829518451066247;5.978753393252244;1.4467649103339133;3.474459906963876;6.831796079312524e-13;4.751467576548776e-13;3181386318.9365597;4111568362.585318;-7.394542080797119;2.6196627323415385;-1.8464805371654358;317.1938220817036;-230.45007919855178;20.90820478294084;1360.475478315721;2334.27772425944
1872;1.253262669950681;1.3560559877783094;2442.093519847334;0.6521836074892552;4.886040745361695;5.415044293535473;6.978830743991774;9.94150100002993e-13;1.547375903914267e-13;7424666746.56948;3325364268.6910143;-11.957184827109575;-1.3133454161512361;3.3647090867549228;-171.8761406473749;-385.42833006585363;-22.687377328862606;2806.094529226622;1470.9941609088542
1873;1.755004549280055;1.160987821642248;4083.903854472225;0.7097185021705749;7.143630521617559;9.736486649949954;1.5941691859854155;6.415333814404692e-13;7.839571409623972e-13;7997619616.35198;3577365741.5333004;-4.6284792565741135;-1.082296764350474;0.4504702980904618;69.9249840443365;-156.30186755842516;24.34912061154126;1781.4705743895975;1104.2991854940803
1874;1.2280128907881862;1.3570547872049903;4896.6793845607635;0.40371659623258727;7.74518154827143;7.098857758668478;0.7502753139587507;2.1747103321102932e-13;3.2030790753896265e-13;3975986712.4391456;1568715317.301645;4.119863058032017;-11.93263237692517;-2.2555437904501705;-143.14769376574446;-189.9020617258645;-15.69758495816177;3872.7830758716036;2626.725944096849
1875;1.1991943766293618;1.4198517442077807;2045.7531685746105;0.11041465861640687;4.347334463381539;5.886168672074855;7.164391446231469;1.082410663740036e-13;8.727800685860106e-13;2554243876.564605;8001880136.072138;2.1248938224028855;-4.149722229671834;1.9939298111219301;-234.01446364677471;40.66057766863352;10.116931485096723;1482.3159309754046;1729.1940265336143
1876;1.5759654234953278;1.6540275660125314;1277.249309355957;0.6006662631204062;3.4055779702789497;7.483553715892526;1.5659214166852202;3.634508462114786e-14;1.8176750467506981e-13;1668886342.7589185;1707234124.279379;-3.1367629247368463;12.76627969185271;4.402641391907949;148.5110124977595;-161.7724474796431;-21.569883516872135;3156.676749939625;3702.7147250276535
1877;1.6950459237275992;1.2863295906145544;3489.468115677397;0.06633736107527088;6.4801476291618565;5.705900986506277;3.5809084642842772;5.402460098963546e-13;4.507571810459152e-13;5618338194.344889;4065536975.43498;-11.863887790392024;1.9397547536907922;0.324730273602448;65.15728536034179;-30.383274435641937;23.704022131819848;2081.8490086348443;2754.9687919983107
1878;1.7671822594876823;1.4101195961278536;3774.01796025921;0.47897393430639856;6.974214772892991;3.7837295464667853;2.2132146021244066;3.762614700307285e-13;6.137836255268635e-13;3818166786.2270627;3729661271.137602;5.4850244606174385;-6.304963738160691;4.68646110501658;133.02739474870538;292.9960520828979;-4.079617744366272;1069.7438477346143;3572.4998920334842
1879;2.1854919178445673;1.7676087046929765;4011.798661728391;0.8404031211081463;7.812893290842428;4.935616905206272;9.705154380860748;8.83239782247247e-13;6.588053812035386e-13;6681285203.779932;8091513654.365721;5.60207760279447;6.318695843639066;4.442318277489257;180.87491682739233;-125.07266514090689;33.07287636713206;2392.9823235011654;1436.9220625014195
1880;1.4637775510935827;1.476571617230113;2208.279405750183;0.08169566026781405;4.754543594973995;0.3061963587542811;6.1743496197757235;1.425941302552313e-13;9.37809255652786e-13;668653024.7222302;7700214876.461188;12.161310324762066;-0.5207680687193257;-2.0982619881078546;382.20906953603094;450.1978577652228;2.9179812204664133;4048.965329843861;1392.2552366826583
1881;1.994253517757775;1.2629410186313093;3594.713559264627;0.9572229889189126;6.80765088797771;4.605378509853497;4.464924857324512;7.590108564901769e-13;7.143595634496501e-13;5982829650.022443;5714990161.356152;8.890437572474752;-11.752504840288967;0.1972507995287085;-304.5706774393663;-109.79743250298166;-14.856297021095733;2754.7695430717754;2415.8014949094013
1882;1.6839444085029882;1.2959790241830038;3566.4348217409574;0.6380532377901527;6.5740208884969284;3.910170224282773;8.924976075936137;8.1494958692723e-13;7.075360173802506e-13;5712328603.741794;8041328146.92538;-14.987507233595124;-13.264465008558634;3.9016953843762874;407.9345213638662;19.561564400702594;9.944054522805198;1054.364899168374;1004.8366810468948
1883;1.8004543717159538;2.0622907677864;130.0671366915133;0.6334068726874831;0.7882855912450083;3.7873334604645175;5.58986790784754;8.998674632344148e-13;6.429658797274099e-13;5907531218.008762;6066590971.060693;-2.2536042223196358;-7.06895870425201;-3.475406797495575;-28.888990175896566;-173.28847164889135;28.900235625692776;1834.4312170546175;1370.2992236764574
1884;1.4125611801073599;1.2450014883241771;2177.086538039787;0.8454628168753063;4.553564402630278;2.1938071139446578;0.5213166914786261;2.932116409483895e-13;8.242166664700069e-14;2566491337.6344347;663317552.4292288;-6.49785858140471;-12.04975696217252;0.857135010585858;265.49603039392554;24.598492161872827;-23.887953851488575;2852.521760346312;2890.5948457093054
1885;1.4038240338723607;1.2318040610654406;2353.844428681269;0.24291940885918606;4.783580244284189;4.178587981048552;3.2598659048583363;3.9293475982748884e-13;6.270014386050926e-13;4100388230.28427;4574926432.953879;-5.580380405999895;0.8839541794874446;-4.161003921541924;-80.76080289849659;-95.13530854262277;20.763898109079854;1935.9721349898234;9924.620696714523
1886;1.4393496535377701;1.6542167641047032;2416.270627149603;0.13880277602456126;5.134798214005932;9.721130405357938;1.6377989748737418;1.955164252845634e-13;8.695113809293206e-13;4411639199.41171;3818720839.0859675;13.639714476360918;0.43857448515825936;0.11064587538975079;-467.8391096749883;-122.07197233611504;-4.180980088530172;2233.409694500748;3145.9800751691605
1887;1.232743398422945;1.6384828723384262;527.4969233933081;0.06524837179186083;1.8159711467538482;9.721827248232238;6.789258558185363;1.1176470763097613e-13;4.704540666212573e-13;3335617712.4461284;5718995647.134621;-7.786707215066847;-14.16206990020128;1.9691145121546256;-172.59904143131374;-90.99694937143222;41.35103533809002;3778.173687341287;2043.9031065167972
1888;1.969677874661062;1.4320382605611228;4980.271934781147;0.03334124506396352;8.583700940077119;9.305246313772402;8.014457528092036;5.011263562991504e-13;8.879160517994801e-13;6910150996.902564;8536365419.377205;-8.45768480828849;11.063169463420309;-0.0050218940182436;116.11621095566707;-321.8550599619781;6.2678872261315375;1572.2034412329033;1146.9045526721209
1889;1.2661412098315492;1.3417918351605902;1526.8083937210117;0.3660886284913859;3.5718648825954853;3.3447408259577407;4.925838773576936;2.794811396916598e-13;6.003928531705794e-13;3093908507.833059;5503105411.509715;6.5921702425401065;13.446698956387191;-0.8731607676887645;230.65122499018446;-77.09318457501278;-2.715466864390655;1784.1005547041298;1352.003460844777
1890;1.4022104997565354;1.366949200264686;664.5640447012233;0.8852831623178978;2.092893254646213;3.2146218071413313;0.8893621925198765;5.072717411545596e-13;3.8018748787588587e-13;4086347127.3158965;1860750823.8686447;13.610522249987369;-11.870710956500917;2.7755900146819537;-289.75662670797766;-2.215046507283546;15.386628079237694;1231.7896406351153;1626.9489625839715
1891;1.248420937105279;1.4005349020719273;4213.219192395581;0.8667579092011337;7.063839000886335;1.356350726050647;3.818904694812206;7.003760830046816e-13;2.1664360918236884e-13;3118901318.2537756;2910665709.6214123;6.513701078228799;4.28258648426392;2.2350341958451807;280.690463379307;163.1739606061281;11.193028682179943;9949.914254407078;2592.717672702229
1892;2.051454423213591;1.8708654393227118;3747.371794373501;0.4758556996923248;7.446268779750803;1.8469664336514082;2.51931585411091;3.210618887858563e-13;4.2516553328335847e-13;2464188110.663005;3311847368.2662663;-4.731106072040079;-9.69002045209847;-2.9448082764019565;178.642828939192;253.22786325294373;22.679661099470078;1889.1395867832202;2082.2169752865398
1893;1.8953790769228585;1.5012707880605294;4984.417594259269;0.6679783388804253;8.584197956880525;2.825770729929244;7.6489862075317285;3.344305575519598e-14;8.92681477324612e-13;983719806.9885691;8361807763.373663;-11.339286267539396;-7.088588018676949;-1.3340640212432087;-268.5958274471308;-143.73135157959518;2.7604476405821563;9483.042579936915;2139.7972696444335
1894;1.254160664740421;1.63231115992763;3788.2063477042598;0.22879183306980655;6.771497297144316;9.536276194627327;9.11101789271043;1.617138380631662e-13;2.2013545896615592e-13;3973863827.619055;4531880294.085145;-7.615266948165576;10.197771644441438;2.963224994346155;-141.6114279573154;-97.50270690654635;20.548371062985233;1304.9326189272363;1208.729544383057
1895;1.3337963138616682;1.4198820709822522;3351.3443811485204;0.6199561065989344;6.143138319028401;5.346262835682531;0.07158588111510118;5.824332275711495e-13;1.6870549687192752e-14;5646745350.803584;111206016.03312112;-13.95004271290303;0.4620502714195531;3.5500117291918816;-349.31504724685453;-174.02024568702362;-0.029346128380935227;1321.4547728914283;1519.0042872289425
1896;1.279505797817857;2.0939220384902533;412.0307200491777;0.4952511187163148;1.6252370833973655;5.946532062213305;0.6858462408800025;1.6375966632382896e-13;6.606419808448568e-13;3157805182.152644;2154003692.636303;-6.12910393694343;0.7326489957962075;-1.1362371487326262;-126.85369116974775;1.7525009462459877;20.040308583337804;3096.331564611349;1078.7999765334766
1897;1.3102021052724175;2.1784827841969445;1460.9495463055353;0.24911601511528736;3.8216470659945023;3.9569589882269374;6.271737446237133;2.4059535308953246e-13;3.767733799960042e-13;3122298140.171206;4919081504.9680395;-11.582122942785603;13.910509498581945;-2.222901746548761;-190.69198996875934;-129.36035038494143;11.308264151064037;1610.0583873809298;1240.8990904298826
1898;1.216401315816774;2.0170475661137357;3944.031817642047;0.12892241514364944;7.224183851606661;0.441372399777233;7.251177422600322;5.397907330444129e-14;8.492328467003313e-13;493929854.09938127;7940861765.320324;-0.866941877355135;-7.456631814742213;-1.8252362618944087;3.727962400941209;-190.16650560533256;6.70290262005475;1977.9134968522267;2177.8473128848477
1899;1.7229703623143162;1.4176441227018137;1518.50504106806;0.5231354527827765;3.786362748374662;1.1783328218208715;9.463170647204338;4.057168230607177e-13;4.3369416615630095e-13;2212562125.1227975;6482762396.314465;2.952716685458647;6.665349038600727;-0.6424706664262638;128.65250738194496;-400.4026304975164;-22.18537284334815;1756.035838306986;3442.134388243242
1900;1.6519554750757213;1.3897760406272424;4566.607137413994;0.8853485733545265;7.805053965416655;8.493505461239936;3.577531549592587;3.5231275839811736e-14;5.113512994359136e-13;1750481998.0849187;4328140959.369183;-11.47199613310244;0.7124629805535658;3.426927414534468;-236.60081837955502;-273.6385784667775;14.31378964300563;1376.7907179517113;1153.8900739017909
1901;1.2450910818636045;1.2885275611673082;4879.010914225898;0.9883277960950324;7.674936518897898;7.3196314001070615;6.5959949422736575;3.49537280551691e-13;9.690739496984958e-13;5118483829.744712;8090373931.903298;-13.489145739042458;13.348693273189678;-1.7539132684840517;152.03567920984955;274.0869147732707;-1.4260034157673402;1615.4948540235887;1221.7568145373552
1902;1.248964111067959;1.6899132892569175;3077.193342750711;0.03889344137901707;5.930666861763231;2.4995833058191774;4.069837763202164;2.749461639149169e-15;3.2717822590677727e-13;265281899.4037187;3692586890.34005;5.530963880911337;-4.3949147457600475;2.757251558348834;89.01389433938353;251.96978375712126;-10.502865390411385;2549.6429001034526;2040.8946514793383
1903;1.9137092252299497;1.312054859038857;3778.9620206831214;0.13827838784348012;7.015614802877073;3.387446499274859;9.378767108852813;9.780484354059811e-13;7.670203672254768e-13;5824603703.776367;8582746833.829724;0.8995168385736232;-7.605673556143518;2.417487026370342;-135.96351051750045;73.22862278708402;12.401739029404698;2826.947246085005;2040.700010271043
1904;1.3326245897202438;1.5263390333400315;4024.3029731453034;0.8558821583986976;7.027537522050272;8.18618960177111;7.052031741546971;3.0390259602689136e-13;5.42228378405884e-13;5047287958.957466;6257462119.215982;-1.452211040607862;-14.825579590383786;-4.020298869388038;295.2427075670787;-214.5948473006993;-0.2581824687840619;2696.3473452109856;1056.5608344912002
1905;1.490651077887165;2.522914928415526;4078.585838673104;0.479473654017316;7.9394373274368;8.865124485805083;2.2104413342590945;2.613536246377334e-13;9.083059172299896e-13;4870871375.065654;4534250886.578316;8.40042567621218;14.207641823448597;3.7959995439222425;90.2826864604797;-81.33117525560402;-19.120291605723036;1942.566721945132;1253.8029121359066
1906;1.363322200659496;1.8151968978387527;2958.647820953337;0.1786261954133368;5.930304230910766;0.602796727305257;3.6685627618339165;2.383257044464483e-13;2.1645138970203887e-13;1212888459.7735767;2851531308.2628;11.066471418345174;6.5083862171249045;4.93065832283688;313.9922934532781;-197.59552730804978;-9.268842695169724;1063.0107418238883;1175.0696947891827
1907;2.295185742066806;1.1978332347405383;3117.506561501936;0.5640538984718946;6.336922796593676;5.834157585822712;4.4190402386347865;2.991221016681086e-14;6.869555959129158e-13;1336790368.7635734;5575428993.885924;7.620227228254048;-0.2673702792333117;-1.2237326370306256;193.10436690910998;-107.36039463708576;-0.08639829520495729;2140.3703755524507;1639.273036590497
1908;1.3106384238431994;1.2851469883108597;2761.0008183178866;0.8384459440577241;5.293470164915046;5.027699594570909;3.137179629603251;5.286933148864759e-13;4.4535163259841456e-13;5217188738.070394;3782432581.650936;3.0717001517790905;-4.830687510125138;1.96052601535912;132.8160365352436;-27.551365814989623;-57.25979120472005;1942.8953685432255;1905.595020911297
1909;2.012383910314931;1.8913346269016846;38.59375535840307;0.07000701019799294;0.35192007563025224;8.8353334736822;0.5002759693257486;4.185500953962939e-13;3.0445528810430285e-13;6153683758.779111;1248868064.7597475;-2.833732614054277;8.616248986353064;-4.089535749792429;-283.89266370929136;-58.55155954560175;-39.194097183362906;8690.454274970794;3466.469349456547
1910;1.3005849541167502;1.385325908901199;1728.2332543186913;0.8787181258845594;3.9177671506916543;2.807375280506117;5.165727393338603;3.1602259130943065e-13;8.090970083959747e-13;3014111257.37878;6542082520.163397;4.980484977124412;9.937478825869661;1.0058811603029874;-340.83139619512036;21.032425900724718;-1.4608274694194676;2576.60247828364;1122.718978724245
1911;1.3760387701707948;1.725607134969846;700.8651724310428;0.12837775103984872;2.2519577683542025;4.590595416483854;7.84711235733121;4.4424333704242184e-13;9.435089436701343e-13;4569776385.20132;8707188057.986036;0.8968534031199802;14.805009252361614;-2.1344991246569966;79.00296151043398;-176.90455474849796;4.9158836119826566;1063.4200995321278;1561.8674497908949
1912;1.4108086430027222;1.8492812078808967;3392.6578152070883;0.576167387201089;6.5520380774183975;8.310274601538415;0.04016882216865798;3.2265891226272704e-13;5.304979920150246e-13;5239978419.289377;467128537.0230728;-3.1385548492511415;14.669212646541613;-0.023228584662064122;-76.39808196021207;225.10341350122167;23.24175923762155;2003.204817467403;1049.412992205618
1913;1.3921541691872723;1.5216380268937018;4268.426326980115;0.5728542120497181;7.355370757139255;7.667167138848579;3.410341758890855;9.255871927945554e-13;3.058528590966466e-13;8524641265.028766;3268174236.6531463;-7.380424575651563;-1.0367765630572112;4.046234694905946;-310.2000077845323;171.08846398157323;2.0832820083357646;1298.133217152319;3787.078263889134
1914;2.171485666327506;1.9415749180974997;2797.11674623849;0.4924868618540774;6.224941599574525;9.966039003181669;2.754956135921426;4.395401610525215e-13;7.295450605805461e-13;6697466516.406425;4536630238.914568;-4.3433698806958265;-13.843921013723271;-4.578928593565902;-156.37239948242816;-319.4874621744903;-4.194527442211062;1101.8460057514715;1139.1551277065457
1915;1.3021772897866175;2.1509058501940626;4337.372683128957;0.8437709977793979;7.8673177044224305;2.728225513489891;4.0568580021446845;3.5908816283982445e-13;9.965443251702926e-13;3167310611.7819667;6434179785.909306;-11.006046439280581;14.828295079171827;0.08600700541022022;22.01233052376844;40.46185742152022;5.147030630673716;2673.659315066234;1531.482019344122
1916;1.9174879241984017;1.3151524015548943;2341.8174314599;0.035961057749350545;5.103024678382374;4.181681736413003;7.985991141611497;8.522590182223651e-13;2.322427547319076e-13;6041033847.366186;4357982455.173821;9.581665625605545;13.83138274923218;1.9832060587696363;-182.42004209663364;-55.7072284406097;-23.027433613088217;1903.78174695229;2405.9463219480444
1917;1.3917718516509954;2.136159969016041;4788.074579578123;0.9419076798452423;8.46357503875756;7.529856234393283;3.3960473095731896;2.583577026205482e-13;4.588544065886767e-13;4463278918.427126;3994609196.8211713;10.938504510458934;8.164879593801338;2.218836570556282;57.23994484288697;-213.66143072997113;-17.576150514004777;1187.261732955688;7214.052071308402
1918;1.1757832940805009;1.4144520763775148;4972.984573271603;0.9915526462314824;7.8306473854875085;6.213801167123772;2.345622830381973;1.277843490521833e-13;6.313851074952473e-13;2851461334.430721;3894271580.9939675;-5.0200328634644436;0.15545969757346612;0.40706417978984;-348.0072041999912;106.19840018096752;26.618021324386397;1145.3357563749041;2370.134716924506
1919;2.127680968353921;1.321657952319797;3709.8141364380435;0.7858882233541671;7.086306092516595;2.7242352780642705;2.9699101261433256;7.961393148717697e-13;3.0750739320012753e-13;4712667723.503807;3058084015.5746074;-3.512581408841074;9.878705936810885;0.3620856919309041;139.78720409659323;113.1682367383659;40.37588595391248;1110.0928489996381;1517.1780059957857
1920;1.3406013720379417;1.3771214598592427;1621.5619507693254;0.3574252291696963;3.769617353842977;9.404765621453336;1.7009809721436207;6.176373150937628e-13;5.272615239878228e-13;7712421025.865391;3030489239.905424;14.429276277219785;1.0973517192247364;-4.764831415725364;90.65168322802153;305.7106004553423;-11.334943077462174;2571.9427047544527;1492.28571130066
1921;1.339595243208944;1.52216429056304;4899.659382515158;0.9746905465400069;8.01545455324566;3.5550570163803337;4.077975265806372;8.531824095516077e-13;7.557195388944046e-13;5573066303.212812;5617623093.086551;7.588773815729539;14.448796024822606;2.7264727110714917;328.5952737099964;-324.2356494493622;9.38558447928706;5645.081484311227;1298.6215385796675
1922;1.4756299739300092;1.9683183297462155;4790.072878062792;0.25817182806475514;8.398211457836945;2.326979239911936;3.3473973754757096;8.509826094110036e-13;2.6405263487022146e-13;4503047988.1970005;3008492039.675149;9.2011635130586;6.92910518442412;-0.0031340872314844503;-219.50252282281198;-191.96274011667506;20.892954150594626;2257.124321296836;3021.2720032259035
1923;1.8536654875429088;1.7422687947591258;2868.1957541370152;0.5249861219219768;6.052706632669872;7.9791492146153695;3.3641982550152933;8.19746962495504e-13;1.059763142921512e-13;8184048223.188107;1910711751.0848098;11.115461459816203;-12.335808499573687;-3.9958423188959658;79.15610258263969;-87.22537623631806;0.42895112548843506;3151.557659579382;2165.6163880819536
1924;2.1645241263726342;1.3242932865894226;2570.970587393773;0.00015289040872212833;5.570540501284866;9.340625229824253;7.22865964880968;6.812750339771271e-13;5.924335076403314e-13;8072335229.235538;6622144815.596548;11.639815966746248;-9.810461328991469;2.7135070054334562;-122.67344993008686;-265.4086252760674;0.06253746057294376;2448.54282477107;2863.090801747383
1925;2.045317960196785;1.4515471444887322;132.9106836396984;0.3139410586489185;0.7736408698827543;2.7657898416239655;6.5355001188852055;8.75879341107023e-13;1.2954954460719037e-13;4980600506.506245;2944471378.231041;6.0905319773069735;-6.424345789712495;2.6453205657826206;182.0163369535084;154.24508280522343;61.375765918711146;2609.3732121001385;3803.3650349372006
1926;1.5057569628316574;2.056079573566804;1699.9020093294996;0.28379148255952036;4.257099195894338;3.5021060250938025;5.409891403630817;6.208922535222907e-13;2.1754335561735776e-13;4718704095.450732;3471499952.1513147;14.607390075871702;-0.45151698445346966;2.5633457733529212;279.9825804541766;196.12982024782121;44.18611964491065;1106.0615880778334;2010.1315867372614
1927;2.106770966963033;1.3634717316761746;1390.6937727769614;0.9019174470842449;3.691595772407118;1.6420477604389756;2.589573317783067;7.10588394466624e-13;7.661269767904432e-13;3456622287.275998;4507279206.551849;3.4251553120829;8.321689433289727;3.764987544329802;-21.216608763062112;-168.95569668897843;-11.69175926661949;6243.08140829241;1621.104262158725
1928;1.4345968609754338;1.5220351791031248;50.08500451170576;0.3119038839107635;0.38166068144723153;4.221690906114611;1.7640705774796137;4.2974272037154103e-13;5.277471091186629e-13;4310200363.081703;3087598975.0731297;-8.680121319417822;14.65028945244083;3.874081235946546;199.67789263662877;6.754817586089786;-8.085585614987107;1466.1082251094483;2638.5135887196407
1929;1.2818124325757212;1.3654298472288822;3854.6406921790444;0.17276665774127042;6.655699131603922;7.795479897346531;8.79495596893148;1.2203785815717668e-13;7.101336593819203e-14;3121179133.0505304;2528930313.1387115;0.9831585256374424;4.368397551255892;3.397293844348585;-188.37138259799514;165.1765541957138;-50.863975995753414;1096.6484321181902;2211.008613004797
1930;1.9853051707797327;1.724270736054786;4656.574048590767;0.03424870362263199;8.448098068261396;6.009296546659241;7.520382180858132;5.986883315827638e-13;5.430093907142067e-13;6069629659.9295225;6466564359.433014;12.285360381577302;-7.983897020880612;-1.6493271691753595;226.79751535290293;-297.3931582795563;-26.497288586410868;2106.8219723938996;1010.0358209438176
1931;1.3014226400626039;2.196665982371711;538.2918950664048;0.373093669543757;1.965902674167413;1.9901600719093164;9.723671399580947;1.924696685791338e-13;2.358534638168478e-13;1980501300.7994888;4846031632.730615;-3.161158905059583;0.763463843407985;-1.931656278541828;165.2268158258492;249.2372824820277;-30.367350026902418;1231.397062651233;1116.5686978839467
1932;1.4560582217170623;2.199448227281715;1155.2188397227742;0.19869230247563563;3.3191881934372187;9.450399568898858;5.2246973225252775;7.640163268789027e-13;7.954067358339756e-13;8598573018.679382;6523417562.64542;-14.775510276510067;8.544980238524072;-0.4515429286632173;-140.80256287186316;-184.87868306912532;-3.6357795267036215;1105.457156994934;1692.1253030659036
1933;1.130474031222354;1.3388320177453725;3119.057096166717;0.5957579264139631;5.646946938625683;5.157257834152132;5.9654606088667474;9.556680882073614e-13;1.860859467727015e-14;7104163410.557758;1066175645.2781571;9.890515051748192;-10.408427297264325;4.969691380287985;166.21940773502357;13.10455838790324;40.13145455880893;1096.318776103425;4349.799701699003
1934;1.3500907932587871;1.7440829080201337;1159.33720195354;0.726979507331977;3.147225986577737;0.052163926775327246;1.7117668955072975;3.3074818665240184e-13;7.105394451550039e-13;420323674.92396563;3529119677.444365;-5.748813794376666;-1.2460981310700685;4.229445561094707;194.94113726663176;-123.0769960167218;0.5478862510134307;1376.562750201555;1789.5680116958442
1935;1.8969686186270174;1.2267080541649367;1272.1328133148984;0.7927436507224225;3.3587951055798033;0.36326090536187033;8.876738494509231;6.937671135889891e-13;6.438965983210568e-14;1606446118.1989603;2419272320.7814527;-10.643079476411543;-5.832686946565925;1.746621404901183;248.16796015024897;-238.6888982472725;33.37684612003486;1581.7499095043097;1004.4209252355764
1936;1.3843568317718065;1.2781350458015752;2911.5496031126586;0.8108833856871489;5.530767596395447;5.158880640998816;8.992991424597152;4.0636355567312804e-13;5.191607578317194e-13;4633243169.210109;6914376068.022366;5.572408927382625;-0.5434548315382024;3.6093446270889;-361.7327436677673;-46.56508753830076;-4.136578436399602;1877.657169537482;3012.60998490829
1937;1.3065673933179003;1.3493856774606914;3567.5299675528413;0.525616441281197;6.327882445007368;5.419666295003582;5.576210090342435;6.811906318760283e-13;5.841738744193675e-13;6148519927.465405;5775513555.628585;-11.174684706382074;-10.834810619031808;-3.4764308658180254;263.52809990678566;-65.37403816807853;-12.564719716891071;1186.3817031686585;1590.502393840816
1938;1.475726965920854;1.5102909057351785;3155.733479911227;0.14519729082116684;6.063232138773405;8.233891090353394;9.522764716381207;9.135917303018638e-14;2.588602161573718e-13;2775419385.201727;5024168081.670627;5.039794300954728;3.8053385599530536;-2.5857028284938908;179.58112181032806;262.15647590417655;26.215797648909202;2726.3660700556593;1020.9681313361435
1939;1.3522796958867787;2.0140413423775696;3458.7671581622344;0.29196281790662026;6.708198601413873;6.597213517775941;5.489027355248046;2.2445240987483484e-13;1.1179445093518596e-13;3893968058.2462587;2506731390.7407937;-1.6954709721798817;10.987211302379471;-0.27283992880536445;132.9304441999834;-120.21980177712106;0.8531734678844334;6008.552425074976;4064.4158872708613
1940;1.9114251898631516;1.4912136488652694;3861.5151425402814;0.12881597619877116;7.245198636181371;9.524175898081852;0.7828434681914439;4.203862895376206e-13;8.962148471049427e-13;6403065639.12867;2680362366.7182636;-2.968087871791699;4.126482709799976;-3.4310483952600537;153.00549702492452;201.26004708930773;10.761620795698379;2829.5421054769504;1059.8727386949115
1941;1.2584559478029156;1.1219560596088176;91.31122762854217;0.03263027082573855;0.5298749014516527;2.6172830811632863;0.4596724948127672;5.854794097421683e-13;4.358781482416217e-13;3961239858.896893;1432375176.19049;8.229526775584791;-11.489032251404764;4.639121337465802;86.6707191657833;228.24365278287127;-4.502940134170346;1199.0008008652044;1060.902241257803
1942;2.3313814440326324;1.3045176107418284;3057.0841170081794;0.6811231429700025;6.338921619728797;3.339389344960671;0.03272327678726792;1.7523445256989537e-13;6.90301763413506e-13;2447897647.6002645;480947711.5760233;8.242721996899665;5.992659293891499;1.0496129190830281;103.83584496379125;233.081840780756;-9.86506190472625;2149.4450697822153;1077.9471907676423
1943;1.245280293037165;1.429831254280524;4632.670092730484;0.7013323365067962;7.549903455916006;7.780906701735684;4.17372980412459;5.029839936398572e-13;7.624695954373528e-13;6330560515.1721115;5708518446.165235;-0.06397319075467323;12.013715729072715;3.9492095424561207;-43.02307847445766;266.8063432006201;-7.683126833949238;1934.9655154178347;1695.0623591019419
1944;1.865129215972245;1.3435042142725466;3717.0349733156604;0.6806570681698528;6.9264544601711036;1.7923403152137867;0.028709156201579947;6.147859007507539e-13;1.5606062560750423e-13;3359094057.129053;214193784.46961755;2.142527559714832;-3.0469035311827692;-0.5167803727189302;-211.48231628010433;46.57644420431356;24.919067345843345;1384.2075996918518;8183.559790211488
1945;1.7529945904455626;1.5287839719702632;4037.5467852341394;0.7049320237306911;7.374308804149853;2.8250012686775996;2.4124237070882986;3.4707757531082875e-14;9.952572169035034e-13;1002011207.899702;4958432892.781491;-10.591297338803212;-7.671780248983144;-1.5038074584914507;-127.12622668433212;-292.0452780330913;11.685974838862757;1263.3639957800706;3726.2802870587775
1946;1.5754847620654482;1.3058398770041422;4669.694645069588;0.026221384253005575;7.780298085403394;2.2888527844352056;2.7770896444536084;2.688478532067778e-13;3.776091356414983e-13;2510222367.0013843;3276922529.3358235;-11.073312471503957;6.1287370700776584;0.32412569246277734;-258.95861940970985;303.643220742411;-19.807674820011584;3278.979028517785;5873.070925820196
1947;1.7798351469386924;1.322174835691065;372.0927134434883;0.6828626616777165;1.4765733449037195;3.4714568762835536;3.877436569938054;7.127056590137976e-13;7.114005106963242e-13;5033394488.620618;5314708086.61365;3.031063182335501;-14.720796642023057;-1.1707102829006413;-290.19737365326785;178.51236972009184;-6.76232075023037;1351.6726701866958;1307.351638164954
1948;1.9670652966234599;1.6809704535969285;2250.641148930963;0.4404383622359189;5.174047150765621;0.67674584532697;6.8209567012090995;1.913752726279913e-13;2.544709721991761e-13;1151610692.6600358;4215914058.2787137;7.657232542971084;6.521156223524766;4.63728129201052;91.23272363727821;-204.969323284652;6.750928890523167;1044.7359077511132;1203.3369488200894
1949;1.3773466903567146;1.38649817489244;4549.010562404928;0.7297330731706315;7.54030710814166;0.3692644545538093;1.9628029062509555;8.457367527031032e-13;4.3284247066761965e-13;1788283347.737192;2949532990.8313518;6.154276039151011;-13.931667892359625;3.67208548409822;-244.20531942028953;31.014285910160325;-25.134951863046304;1731.482828903381;1000.7258769298754
1950;1.3495056725520127;1.4616583276434247;4324.186481037684;0.3667323255721532;7.331140131303618;9.020309019676317;2.9442348165759826;1.2681804070336869e-13;4.1871702444532355e-15;3422561067.9843497;355301065.50149536;10.98010130715447;4.585219168375655;-3.8286255383474153;219.762626583343;182.63779406346455;11.278899412114978;1809.0241954265725;1005.2231018854521
1951;1.8740907274017715;1.7026627362641722;4581.680915320129;0.17315801111651674;8.256311673947526;7.152693707917367;5.816638839167233;8.900580573765365e-13;6.654935999502733e-13;8074096959.21382;6295902145.669429;0.2943541336008284;-9.371019314715527;0.6905196182147098;212.1932591773548;-222.21685320013268;4.586765316110197;2489.8170362236183;1213.9311307129053
1952;1.725134408896242;1.184918405593067;554.1913690855238;0.6074079096135003;1.8851531836423578;1.3571483733780227;2.6025734999188326;3.0479923859564246e-13;8.275368239030388e-13;2058119476.2397602;4696184427.693801;10.552408571629055;7.6460696959255685;1.8818218197344718;-334.3529173356893;-251.55620974428558;-2.3842971893062597;1179.9035859439077;1283.2105395269489
1953;1.899594900335715;1.7810287770114182;885.7372691078482;0.6527827409052095;2.7868714385326108;0.7377338669669828;5.434440240334634;9.371753018956576e-13;6.820413911520961e-13;2660787895.5701737;6160738184.674288;12.789046638038357;0.3003723556003539;-3.4379850901595423;153.25634220613253;262.51340442144885;-16.49506508244738;2886.5337549999244;1186.587294098437
1954;2.210668150601376;1.1819683166912367;2472.4810012545436;0.13865895337719847;5.377011116486955;3.726958245311945;0.4080204146373952;7.022284020262575e-13;8.966868117459316e-13;5176860202.30078;1935580846.4694571;-13.219829738283265;4.311888353505882;-3.676496952616607;203.4030794422721;82.74338710337565;3.819615865874579;3278.251646207185;1195.6103490758176
1955;1.5094827156089614;2.2723426004671494;376.2202176572619;0.4217165451427344;1.589040960396992;9.581324250159556;5.0306398059834905;2.747113358141764e-13;2.661789817346986e-13;5191597774.131983;3702955299.4540253;6.717773057942793;-3.7175371549463065;4.03000806515805;-81.10541081685322;168.55669243724597;19.05891450970976;2264.709422856544;1876.0829335226267
1956;1.7333863290311948;1.2427961611928957;2551.714197644467;0.08056786972136021;5.256714486601361;4.224321803317617;2.4643154390204547;3.9021748247025507e-13;9.603830319677887e-13;4108486242.51858;4922892660.463696;9.334655236967688;-9.57837732539464;-1.8204238343413062;289.52779262968505;7.341798640439805;19.09227454105927;3444.5659319779475;1556.1962759512685
1957;1.4618014453941144;2.003261707419991;2920.9430314797896;0.4543502305144168;6.05144317620567;5.1548808406706685;4.677553037391063;7.68180476624006e-13;3.618817879064633e-14;6367822165.256645;1316566202.7969377;10.772135590079188;-14.69247047902291;2.723621187157569;-20.71769596170853;-91.87656162698767;-18.229084436626124;1365.7343989412293;1107.8634851636734
1958;2.334586034523193;1.3892667486531745;3172.493900838722;0.15562667826781684;6.549445742097164;8.434617304483918;7.741859995063324;4.1443743371787935e-13;1.519335474556319e-13;5982905696.786669;3470559336.801097;-8.596483269291731;4.809084725476918;-1.2990631637880732;-157.16498397511933;135.37764368872604;-16.742355888301233;1912.7723900863434;2160.163582430083
1959;1.6817051635632438;1.2430900933171705;1200.7961400660238;0.37375806885021;3.1619223155191136;4.737920554702275;6.7629258010667685;2.0100755693839208e-13;4.2017553308836557e-13;3122842333.0756702;5394269864.021542;5.974914778054941;9.028105251052548;-3.773408693038082;-270.33832228075823;26.966575097949544;3.6019407106813515;6814.105758420043;1240.9413964012108
1960;1.4343484669942412;1.830945586893321;2808.5427845109207;0.9612009984791647;5.779646974914718;0.8163658921282906;8.519517181233573;5.200582780554347e-13;8.414343556738246e-14;2085059299.6037064;2709365460.1851683;-4.084985154340149;7.746453112416983;1.6406919249848642;146.43673001803717;-138.7989477251838;8.106018813919722;1138.5887630445989;4665.928140246442
1961;1.9543182915795083;1.1694336951291262;858.2297385373253;0.7297967635602252;2.5836543084773793;0.3953806320640782;8.541978022901956;7.851113474331742e-15;3.5649544729787164e-13;178288487.7067894;5584138704.141415;6.881084927197783;9.673387107899714;1.606369533489998;240.55758997573162;-221.94861204108665;-12.666301607190638;3437.6884874454254;1518.3145011175611
1962;1.9965441186834394;1.692883081255753;2041.5484659740805;0.3600991698033572;4.866678177868955;2.8265312405362484;8.749448092563897;1.9121233271527872e-13;9.215763506256027e-13;2352528119.201638;9086695367.276474;1.000427424573143;2.1414853335459796;-0.6352386491998239;-75.76391629470616;138.4831118742268;-6.423591395989553;1030.6980279542927;1210.9115967255846
1963;1.3383944662163358;1.427008348083675;4117.833575351679;0.48877079054219175;7.057298884341432;5.769665367957361;6.803555820076468;1.5288267471655486e-13;8.533348914524927e-14;3005414844.3117537;2438247043.436967;-1.4962851406171094;-4.232187268818183;0.33870880252358226;-205.6636376724893;-160.57994085725161;-19.7336515967193;1067.2781100184457;2741.767369075064
1964;1.1978416558855707;1.4037267825917563;4904.346939694047;0.16667694318911508;7.769726389648149;5.406909762793452;5.561994606180584;1.1359194467771144e-13;5.926812894017653e-13;2507831230.613963;5809996469.941143;5.643839921107659;4.071948331466714;-3.2994651424287946;-158.33105443067106;14.796291476062066;19.81037449637026;5926.500799515973;1610.166378973835
1965;1.3197319347883556;1.5079367589032335;2744.770220553776;0.3924227480531365;5.425253305730554;2.112563300495468;7.711385316558621;3.6845961949701064e-13;2.817718105578123e-13;2823252968.369365;4716989958.243484;-2.298527186187398;-5.616125952596537;-2.2693575015996856;-245.25704187060632;232.09320726131108;23.015722721135603;2334.180118084365;1246.5554155871464
1966;1.4357847209515033;1.758896720828508;1433.03949167453;0.798490938118675;3.6637104434521257;5.041160564007465;7.733418483337629;4.4574228543297605e-13;3.963752256539984e-13;4796861300.246366;5602591854.065036;1.9233347864779198;-2.7256553928658285;-2.8512326224824958;-246.48574361766515;358.00207542040414;-38.3985252650483;1857.607204927582;1851.7713760499828
1967;1.2694636458804147;1.9482819985371376;3420.5464309964564;0.3459985649007655;6.559248439110799;8.404954918564346;4.310376560671945;6.977847400302049e-13;4.349984238697833e-14;7749584289.240036;1385643236.3425353;-5.3729514018008455;-3.047175952813724;0.8375247753435726;46.128522377196376;-240.9781321289124;-25.247789654779346;1951.6032523914137;4188.189627949067
1968;1.9729102056115508;1.372017035524827;3176.5734216121805;0.566114545419323;6.324720537284304;7.362873715060368;3.4879198357226535;8.690063966073413e-13;8.061197857038565e-13;8094408922.422136;5365781899.311204;10.30517575629981;7.586384160185631;3.0116137083741794;170.29131344006203;73.851878047206;27.215939653399488;1935.7117082590105;3375.7341392688554
1969;2.0950326478543118;1.4316915093776394;3625.94311952476;0.0059842007856864;7.030901372392912;9.13566396748517;8.585278717655962;5.468527381184919e-13;5.919392311990829e-13;7152456615.50862;7213827280.001469;-3.7146332361804717;-3.368401263778793;2.3191395391193836;130.26768856213644;153.6760373225839;7.289315371588647;2037.345549110698;1071.801292645865
1970;1.697393231213487;1.1300737477504472;1560.4434373480963;0.15568241036987096;3.7230972877307176;6.25483313692533;6.196833793339632;9.297488591057133e-13;8.110486050714706e-13;7716860856.788729;7173949961.940497;3.587580837175679;-6.467282354598252;-0.9604897984750966;-158.891656136326;-232.55562362170986;-34.85737735127845;3148.506758969665;1212.464830995708
1971;1.7998105345161672;1.4123414769331843;2565.147431042945;0.07560903582084466;5.411031982191199;2.4218891513346343;2.536586107930403;8.161116651206876e-13;6.969237845306082e-13;4498854027.134288;4254685138.397037;2.859221489418058;-10.853250342278347;2.7139071318341763;-107.10509720325983;412.4469628659982;-10.40079144325751;1005.6065045677536;1889.9584189457428
1972;1.2832228806620505;1.2333420351264137;4273.133568162452;0.9341061005993312;7.009820140077615;1.2215263579185744;3.6099383818304362;7.210709469167586e-13;4.856406274967669e-13;3003242480.403873;4236989410.843789;0.35093375029062024;10.51420188091739;-2.4200612517537246;30.94553570228541;133.55962736025126;30.205697726740787;1603.8859844823198;1553.1985085667372
1973;1.5164666148216461;1.9129907638816446;3840.8938818805464;0.03383743556360763;7.23829911366443;2.094148724409757;3.9586110844200264;4.865943184502509e-13;2.9791822719005417e-13;3230258336.7256117;3475121025.114146;-11.160243378380436;10.872447983732155;-3.2448663922314367;187.90866541809575;-63.01987296458606;8.803202937398174;7483.823768122523;1360.891076963817
1974;2.0500224981078956;1.3102124874588505;3006.4176198868463;0.3638013944902265;6.106081622255955;7.756006422887746;8.297555634801737;2.38404088817383e-13;1.580183678065735e-13;4351368947.31873;3664197302.209997;6.173911268366936;1.468771247956763;-0.9780501535688249;-376.1771420384839;-27.02849473904172;52.43997254168791;1623.0843444603902;1985.977451450008
1975;1.5847498790122816;1.7166255491097673;2142.5251508007505;0.4729718164372744;4.843085181551811;0.2287341572447098;1.3844183725835808;1.2211136495687526e-13;6.893072797023731e-13;534802628.23862356;3126008020.259367;-10.80858395816367;-12.642154158231023;3.6593138570404182;253.84457394574594;92.23609352664226;-13.731665022779207;1101.6614393830143;2300.2142949235895
1976;1.8159674624058781;1.1510386097975622;3135.3930294521806;0.7576734197433362;6.024310127605403;2.3575595992862994;5.36325483538404;5.925983354883426e-13;9.246033933108475e-13;3782348418.398369;7125936308.210016;0.4007815583203307;3.816832239419437;-1.883295023347796;-241.43522490477017;-237.69044254873853;-9.40775355339944;2927.649215162265;1528.0135817818975
1977;1.6870417130058344;1.3700489930364443;1615.6069686659205;0.3946492844121485;3.9108074786662184;3.939964943243121;0.2770854311705285;6.063054203275882e-13;2.421683493418659e-13;4945860725.306282;828925528.6760325;12.648662517948292;-4.014101221762337;-3.0573756086506085;-206.0109992887099;-349.72365476882106;48.006012413954146;1104.1770777716733;5993.02030094656
1978;1.3024444780361355;1.3014957141408405;279.66171010914434;0.29683884559145457;1.1514334925915473;2.4897994363503635;1.7993451882152556;5.950627595287415e-13;6.097234799794749e-13;3895054568.8426223;3351765925.716113;8.492309385691733;1.0206702364663762;-3.2993212050853735;241.2598611617978;-148.864841772423;-22.054749364150325;2114.2810600645766;1420.8731357120969
1979;1.203123429369337;1.9416454360527753;4642.216744610866;0.2921844413604704;7.979083987763573;1.2017622661317522;5.462558162342976;6.425874955388057e-13;7.906208828743478e-13;2812065259.809028;6650160944.243091;-10.243935850499376;-9.556756899171177;-4.065397997858363;18.659436362722005;-241.22574853032634;11.021891353830398;3112.6642734856123;1332.517268301059
1980;1.2158893972461304;1.4465077591745286;3828.302418489883;0.9970808592312534;6.637964961926297;1.6527467511775993;3.232910970669058;6.672215300291797e-14;4.651147296013534e-13;1062644895.1823883;3923981014.5243316;10.224168000830264;7.377514836519168;4.833743270183602;-251.12811831070857;202.54149216428112;0.9919089456093653;1354.922121471859;4682.5289170926835
1981;1.2157036378610484;1.2883309595291867;4268.365999292751;0.30267545920285654;6.9929602533617645;9.762441510700803;4.776082009160627;5.565676592794517e-13;4.556148428243868e-13;7459130138.128989;4720465174.5502615;-11.54633809321367;13.511191993061274;-1.9651287042886887;334.8124171124999;-139.8010818869143;-43.75623095561977;1706.1370101484115;2339.2312056085157
1982;1.3294500926387383;1.674271884267203;3793.0657201905997;0.7913949876276384;6.8678374244022145;3.6116770297513483;4.0952223243376;8.719493001025654e-13;1.3811741978122575e-13;5678714678.945506;2406650073.959268;-0.5910836254737344;-4.030114425151623;2.3399433807897356;-173.94194756634036;68.0037996393222;-21.129644919828074;1112.9270887373932;1163.2986876984537
1983;1.303551752812518;1.3090054270771108;3630.896433274881;0.48109874318398105;6.367530384483797;2.207632327034956;1.4481164319455944;9.06700377528991e-13;1.6539790307971048e-13;4527362289.3608;1566090008.1709588;13.292451243251435;-10.420661452342394;2.8105249593417483;-139.1472456546377;190.53629981701874;25.30160325112413;3921.062698306726;1199.369135410283
1984;1.3539021165432839;1.7493371041164578;4587.236588791066;0.066485299232937;7.880958281304481;1.9495892467374565;1.7431811160910788;1.5796211083618739e-13;5.965839896694469e-13;1775816156.7641442;3263300230.798497;13.915109433601401;-14.685120999636489;0.32777512421398924;-249.34429987017307;-200.77997877416232;15.148897547028852;3484.7570850733277;1028.7772553843279
1985;1.8184225513325571;2.1389011589812092;2413.3231497160737;0.8633354517417218;5.569514794159504;0.02300165840407504;0.2823820278847111;3.552504722504472e-13;2.2119570148937365e-13;289265663.549017;799754783.1920317;4.265024349618486;13.510593309564563;-4.525310381849199;-152.53377989942877;-178.24084977082987;-29.848027864085115;1077.6117995430934;6363.725699529837
1986;1.6096181461449168;1.981954428431382;2176.996485349747;0.08722907905908539;5.034309184043607;1.8669068078042763;5.911700362984199;6.359903576418148e-13;9.984258208136095e-13;3486876484.5639224;7774349972.963791;-14.555104127054793;-1.1988650751813363;0.1616080988813895;207.3484062733081;61.61363181034625;-9.373061062387249;2122.513636198547;2289.113550627991
1987;1.2807217089685354;1.3219910809612987;4313.857957999479;0.576951605863244;7.133880437355927;9.527657578256639;6.980197367073584;2.09562290460699e-15;9.984597688600692e-13;452167784.2018923;8447906817.501823;10.965927795896377;5.621702203012731;-4.652658708824538;-69.47184481353617;121.51054666303259;-23.90995137433245;1940.5527873725694;3017.4057352980476
1988;2.0680952687958762;1.6295866146132045;2830.361499755512;0.6553391860396496;6.055420463402136;6.789340209997847;8.313945779335443;2.708449534967e-13;5.430502733268511e-13;4339344579.833395;6799446963.218522;13.45130937786218;9.838295383465695;0.6847255243079395;355.7383342346027;6.371505211347852;33.34806978312066;1157.083073523064;2180.3522465714655
1989;1.4668432863007568;1.9942167707045122;585.7519126063431;0.41258690875098203;2.0724562547380794;9.309079287741447;7.598744546931519;7.919080623413064e-13;8.757293129181818e-13;8688418371.325937;8254786478.953966;5.670734148468778;10.763727058902305;-0.026584006719536646;118.17255407499661;106.29360655775751;12.596356809741547;1956.0710843839724;1402.3149528770655
1990;1.3830302079229364;2.005226348320417;4890.4055130185425;0.7570013893525296;8.46892969596877;0.038214031683052554;4.524485212673788;7.006150384342493e-13;2.2722516713662268e-13;523601805.6021376;3244612079.2241817;3.7985611998780797;1.3231286894690015;3.339729277130317;-263.08890037777223;55.286517465665995;5.514839846055156;1022.3132121768948;3322.3151695169768
1991;1.6328591050631118;1.5777470237338587;1805.2603517460711;0.672645059729444;4.2805090842926035;4.205971918299681;0.5958592593568621;4.818209202651814e-14;1.1990462474610129e-13;1440542212.6864226;855341987.9565517;12.36974831806764;4.7167634229871105;2.9717664942516766;-375.76772731996857;278.419550162827;2.754921395534681;1931.9274342436158;1105.0416568532187
1992;1.2968968100318166;1.2634745465953394;4387.624947520837;0.3436351125042487;7.175637679738284;5.812845801176202;4.231463094323162;9.32920421390215e-13;6.32736916838612e-13;7451894185.78463;5236086880.397282;-10.488530015461784;9.497110725062807;2.3446813694935376;302.05519818023856;-278.5989103100875;12.50820117955199;7556.317793856694;1686.4143212048916
1993;1.6979728884660517;1.475268511379117;2020.7320163723004;0.38671777123429263;4.596705733275712;4.646907527678171;0.1374679465580995;5.098373525089376e-13;9.489925899140263e-13;4925471591.650549;1155798460.5352173;11.765516457780492;8.750528160688521;-0.08950650047717623;158.68054705882548;-121.30433073873063;-7.004335647834455;1039.088405570051;1084.2388061539439
1994;1.4442913880863246;1.3465030263364246;539.1895665850238;0.9575944742146334;1.82533865925687;3.170932637655023;3.5058848266674425;1.7340183487914456e-14;2.678917366350134e-13;750361133.4224927;3101190604.3487287;-13.652693436757923;0.022743667149139668;-0.7940112334979696;337.5204666573426;-312.5765530708831;-8.496537484161408;1567.989705931972;2940.195758372132
1995;1.4709049017895817;1.3267683937444703;301.622475388997;0.29122061224464435;1.2402654601242888;7.256758431224548;2.431124545503377;1.8933659423377823e-13;6.699434916517749e-13;3750926825.1758776;4083877143.4196987;-11.986881834397586;-10.34068048239554;-4.150233446671757;262.1764620274196;174.16294163696747;11.86788192375961;5177.306250016117;1740.230310587711
1996;1.7979588601923306;1.2931405975297954;4230.773866597834;0.9585731309327598;7.457456325751266;6.009071041457602;5.460675533028505;9.915702988145748e-13;3.5863080182723295e-14;7811157635.723625;1416109896.7264676;-12.134564373866446;-10.381555645132451;1.2324564289749862;-54.70589879914547;163.24145482207655;16.867633547382596;1344.6253127921673;2456.175198923965
1997;1.3157664884806082;1.2379652170919706;4843.159426644776;0.766534125409689;7.657449064089264;7.956445284293374;1.393249817319327;9.386190544552513e-13;5.568701192586057e-13;8744886995.929697;2818651827.6188493;8.215981087434251;6.204465657131475;-3.1915222615094505;-236.99191732970164;-105.59875226440201;8.10123083220888;2188.036105387421;2436.7563486052104
1998;1.3456647607440229;1.3780242637830151;3679.889103499685;0.2312630090698593;6.514516342237016;5.163993973615992;0.3548234143567567;2.727506925841308e-13;4.5172418336018804e-13;3797744756.0247335;1281128770.6451552;-10.453758984017753;-14.619961765737319;-2.009868234294747;191.57303432006225;-273.4842096637556;-10.085357767075353;2052.162249456215;4898.78940033246
1999;1.3553834786692518;1.9513185523706575;2410.727747206188;0.9160019570604669;5.242080050964946;1.3474829239380437;2.2186441115451987;6.004062723196883e-13;4.89729219730019e-13;2878287845.5100713;3335583436.216469;1.2565899377894425;3.262553342948408;-0.8904853557147554;-133.00221369461758;-117.02704626148461;16.28146526864307;1406.6149931162397;2665.682875169359
2000;1.979442254521702;1.2673176799278085;4157.345975258952;0.22941585748396442;7.492625425016281;8.084746689178125;0.07486495261884321;7.352518196269741e-13;6.340307564278671e-14;7801915474.797175;220467419.17978325;3.477592225691005;6.286336257029543;-3.6178204647065093;-142.71165210588453;-293.01388835323314;10.351087855787867;1002.6286571713223;1844.6929076065805
